Borough,Borough/Citywide Office (B/CO),District,DBN,school_name_x,School Category,Program,Language,General/Special Education,school_name_y,Year,Total Enrollment,Grade 3K+PK (Half Day & Full Day),Grade K,Grade 1,Grade 2,Grade 3,Grade 4,Grade 5,Grade 6,Grade 7,Grade 8,Grade 9,Grade 10,Grade 11,Grade 12,# Female,% Female,# Male,% Male,# Asian,% Asian,# Black,% Black,# Hispanic,% Hispanic,# Multiple Race Categories Not Represented,% Multiple Race Categories Not Represented,# White,% White,# Students with Disabilities,% Students with Disabilities,# English Language Learners,% English Language Learners,# Poverty,% Poverty,Economic Need Index,mostCommonEthnicGroup,math_score,fl_score,history_score,science_score,english_score
Manhattan,Manhattan,1,01M184,P.S. 184m Shuang Wen,K-8,Dual Language,Chinese,General Education,P.S. 184m Shuang Wen,2019-20,707,36,76,58,63,62,51,62,101,107,91,0,0,0,0,355,0.502,352,0.498,498,0.704,24,0.034,84,0.119,49,0.069,52,0.074,117,0.165,99,0.14,469,66.3%,67.2,% Asian,84.52000000000001,,,87.73333333333333,
Manhattan,Manhattan,1,01M184,P.S. 184m Shuang Wen,K-8,Dual Language,Chinese,Special Education,P.S. 184m Shuang Wen,2019-20,707,36,76,58,63,62,51,62,101,107,91,0,0,0,0,355,0.502,352,0.498,498,0.704,24,0.034,84,0.119,49,0.069,52,0.074,117,0.165,99,0.14,469,66.3%,67.2,% Asian,84.52000000000001,,,87.73333333333333,
Manhattan,Manhattan,1,01M378,School for Global Leaders,Junior High-Intermediate-Middle,Dual Language,Chinese,General Education,School for Global Leaders,2019-20,204,0,0,0,0,0,0,0,47,67,90,0,0,0,0,89,0.436,115,0.564,17,0.083,50,0.245,121,0.593,6,0.029,10,0.049,83,0.407,17,0.083,172,84.3%,84.7,% Hispanic,75.46000000000001,,,,
Manhattan,Manhattan,2,02M131,M.S. 131,Junior High-Intermediate-Middle,Dual Language,Chinese,General Education,M.S. 131,2019-20,304,0,0,0,0,0,0,0,59,105,140,0,0,0,0,124,0.408,180,0.592,223,0.734,26,0.086,46,0.151,2,0.007,7,0.023,72,0.237,70,0.23,269,88.5%,85.1,% Asian,86.46666666666665,,,82.025,
Manhattan,Bronx,2,02M542,Manhattan Bridges High School,High school,Dual Language,Spanish,General Education,Manhattan Bridges High School,2019-20,520,0,0,0,0,0,0,0,0,0,0,150,182,106,82,263,0.506,257,0.494,1,0.002,1,0.002,515,0.99,2,0.004,1,0.002,28,0.054,189,0.363,443,85.2%,92.7,% Hispanic,67.97,88.84,72.86,67.02000000000001,73.39999999999999
Manhattan,Manhattan,2,02M545,High School for Dual Language and Asian Studies,High school,Dual Language,Chinese,General Education,High School for Dual Language and Asian Studies,2019-20,396,0,0,0,0,0,0,0,0,0,0,91,106,99,100,232,0.586,164,0.414,367,0.927,7,0.018,11,0.028,2,0.005,9,0.023,12,0.03,58,0.146,339,85.6%,82.2,% Asian,80.81,87.56,85.41,81.06315789473685,80.11428571428571
Manhattan,Manhattan,3,03M165,P.S. 165 Robert E. Simon,Elementary,Dual Language,Spanish,General Education,P.S. 165 Robert E. Simon,2019-20,432,35,84,58,56,62,65,72,0,0,0,0,0,0,0,217,0.502,215,0.498,27,0.063,64,0.148,232,0.537,8,0.019,101,0.234,83,0.192,37,0.086,269,62.3%,64.0,% Hispanic,63.1,,,,
Manhattan,Manhattan,3,03M180,P.S. 180 Hugo Newman,K-8,Dual Language,Spanish,General Education,P.S. 180 Hugo Newman,2019-20,513,78,68,46,40,48,42,46,43,53,49,0,0,0,0,235,0.458,278,0.542,15,0.029,246,0.48,156,0.304,23,0.045,73,0.142,102,0.199,51,0.099,348,67.8%,70.2,% Black,59.125,,,55.760000000000005,
Manhattan,Manhattan,3,03M247,M.S. M247 Dual Language Middle School,Junior High-Intermediate-Middle,Dual Language,Spanish,General Education,M.S. M247 Dual Language Middle School,2019-20,231,0,0,0,0,0,0,0,85,77,69,0,0,0,0,125,0.541,106,0.459,2,0.009,4,0.017,216,0.935,0,0.0,9,0.039,65,0.281,54,0.234,199,86.1%,85.2,% Hispanic,79.425,,,,
Manhattan,Manhattan,3,03M247,M.S. M247 Dual Language Middle School,Junior High-Intermediate-Middle,Dual Language,Spanish,Special Education,M.S. M247 Dual Language Middle School,2019-20,231,0,0,0,0,0,0,0,85,77,69,0,0,0,0,125,0.541,106,0.459,2,0.009,4,0.017,216,0.935,0,0.0,9,0.039,65,0.281,54,0.234,199,86.1%,85.2,% Hispanic,79.425,,,,
Manhattan,Manhattan,3,03M256,Lafayette Academy,Junior High-Intermediate-Middle,Dual Language,French,General Education,Lafayette Academy,2019-20,143,0,0,0,0,0,0,0,50,52,41,0,0,0,0,71,0.497,72,0.503,1,0.007,57,0.399,41,0.287,5,0.035,39,0.273,32,0.224,16,0.112,97,67.8%,63.2,% Black,64.93333333333334,93.6,,,
Manhattan,Manhattan,4,04M072,The Lexington Academy,K-8,Dual Language,Spanish,General Education,The Lexington Academy,2019-20,588,44,56,52,53,50,54,64,73,79,63,0,0,0,0,284,0.483,304,0.517,11,0.019,102,0.173,453,0.77,9,0.015,13,0.022,150,0.255,51,0.087,526,89.5%,91.7,% Hispanic,59.75,,,67.93333333333334,
Manhattan,Manhattan,4,04M096,P.S. 096 Joseph Lanzetta,K-8,Dual Language,Spanish,General Education,P.S. 096 Joseph Lanzetta,2019-20,405,35,30,27,32,35,34,44,59,57,52,0,0,0,0,185,0.457,220,0.543,8,0.02,93,0.23,277,0.684,13,0.032,14,0.035,128,0.316,74,0.183,380,93.8%,93.6,% Hispanic,69.60000000000001,,,,
Manhattan,Manhattan,4,04M206,P.S. 206 Jose Celso Barbosa,K-8,Dual Language,Spanish,General Education,P.S. 206 Jose Celso Barbosa,2019-20,454,0,0,0,0,65,79,90,71,74,75,0,0,0,0,198,0.436,256,0.564,8,0.018,103,0.227,317,0.698,9,0.02,17,0.037,192,0.423,68,0.15,380,83.7%,89.6,% Hispanic,65.72,,,,
Manhattan,Manhattan,4,04M206,P.S. 206 Jose Celso Barbosa,K-8,Dual Language,Spanish,Special Education,P.S. 206 Jose Celso Barbosa,2019-20,454,0,0,0,0,65,79,90,71,74,75,0,0,0,0,198,0.436,256,0.564,8,0.018,103,0.227,317,0.698,9,0.02,17,0.037,192,0.423,68,0.15,380,83.7%,89.6,% Hispanic,65.72,,,,
Manhattan,Manhattan,4,04M372,Esperanza Preparatory Academy,Secondary School,Dual Language,Spanish,General Education,Esperanza Preparatory Academy,2019-20,525,0,0,0,0,0,0,0,64,70,78,72,91,71,79,245,0.467,280,0.533,8,0.015,62,0.118,444,0.846,2,0.004,9,0.017,123,0.234,160,0.305,478,91.0%,94.4,% Hispanic,53.44736842105263,87.28,63.52,59.53333333333333,64.48571428571428
Manhattan,Manhattan,5,05M129,P.S. 129 John H. Finley,K-8,Dual Language,Spanish,General Education,P.S. 129 John H. Finley,2019-20,377,60,31,23,25,33,33,27,41,42,62,0,0,0,0,179,0.475,198,0.525,8,0.021,191,0.507,162,0.43,9,0.024,7,0.019,120,0.318,27,0.072,352,93.4%,90.4,% Black,62.779999999999994,,,60.839999999999996,
Manhattan,Manhattan,5,05M161,P.S. 161 Pedro Albizu Campos,K-8,Dual Language,Spanish,General Education,P.S. 161 Pedro Albizu Campos,2019-20,762,0,43,51,64,64,81,96,121,117,125,0,0,0,0,382,0.501,380,0.499,11,0.014,157,0.206,571,0.749,6,0.008,17,0.022,213,0.28,184,0.241,709,93.0%,94.3,% Hispanic,85.10000000000001,,,,
Manhattan,Manhattan,6,06M209,Hamilton Grange Middle School,Junior High-Intermediate-Middle,Dual Language,Spanish,Special Education,Hamilton Grange Middle School,2019-20,321,0,0,0,0,0,0,0,118,117,86,0,0,0,0,147,0.458,174,0.542,8,0.025,32,0.1,262,0.816,4,0.012,15,0.047,80,0.249,63,0.196,285,88.8%,86.8,% Hispanic,79.85,,,76.76666666666667,
Manhattan,Manhattan,6,06M210,P.S./I.S. 210 - Twenty-first Century Academy for Community Leadership,K-8,Dual Language,Spanish,General Education,P.S./I.S. 210 - Twenty-first Century Academy for C,2019-20,430,17,42,47,44,42,48,37,47,58,48,0,0,0,0,213,0.495,217,0.505,3,0.007,5,0.012,421,0.979,0,0.0,1,0.002,99,0.23,145,0.337,398,92.6%,88.9,% Hispanic,61.86666666666667,87.1,,69.44,
Manhattan,Manhattan,6,06M210,P.S./I.S. 210 - Twenty-first Century Academy for Community Leadership,K-8,Dual Language,Spanish,Special Education,P.S./I.S. 210 - Twenty-first Century Academy for C,2019-20,430,17,42,47,44,42,48,37,47,58,48,0,0,0,0,213,0.495,217,0.505,3,0.007,5,0.012,421,0.979,0,0.0,1,0.002,99,0.23,145,0.337,398,92.6%,88.9,% Hispanic,61.86666666666667,87.1,,69.44,
Manhattan,Manhattan,6,06M311,Amistad Dual Language School,K-8,Dual Language,Spanish,General Education,Amistad Dual Language School,2019-20,427,0,49,45,54,44,44,44,50,46,51,0,0,0,0,215,0.504,212,0.496,4,0.009,8,0.019,393,0.92,3,0.007,19,0.044,90,0.211,129,0.302,333,78.0%,78.0,% Hispanic,82.8,,,,
Manhattan,Manhattan,6,06M311,Amistad Dual Language School,K-8,Dual Language,Spanish,Special Education,Amistad Dual Language School,2019-20,427,0,49,45,54,44,44,44,50,46,51,0,0,0,0,215,0.504,212,0.496,4,0.009,8,0.019,393,0.92,3,0.007,19,0.044,90,0.211,129,0.302,333,78.0%,78.0,% Hispanic,82.8,,,,
Manhattan,Manhattan,6,06M311,Amistad Dual Language School,K-8,Dual Language,Spanish,Special Education,Amistad Dual Language School,2019-20,427,0,49,45,54,44,44,44,50,46,51,0,0,0,0,215,0.504,212,0.496,4,0.009,8,0.019,393,0.92,3,0.007,19,0.044,90,0.211,129,0.302,333,78.0%,78.0,% Hispanic,82.8,,,,
Manhattan,Manhattan,6,06M319,M.S. 319 - Maria Teresa,Junior High-Intermediate-Middle,Dual Language,Spanish,General Education,M.S. 319 - Maria Teresa,2019-20,386,0,0,0,0,0,0,0,127,115,144,0,0,0,0,182,0.472,204,0.528,0,0.0,9,0.023,373,0.966,0,0.0,4,0.01,106,0.275,127,0.329,Above 95%,Above 95%,92.0,% Hispanic,71.97999999999999,,,71.24,
Manhattan,Manhattan,6,06M322,Middle School 322,Junior High-Intermediate-Middle,Dual Language,Spanish,General Education,Middle School 322,2019-20,325,0,0,0,0,0,0,0,79,109,137,0,0,0,0,145,0.446,180,0.554,0,0.0,4,0.012,316,0.972,4,0.012,1,0.003,65,0.2,135,0.415,Above 95%,Above 95%,93.3,% Hispanic,83.2,,59.9,70.33333333333333,
Manhattan,Manhattan,6,06M462,The College Academy,High school,Dual Language,Spanish,General Education,The College Academy,2019-20,367,0,0,0,0,0,0,0,0,0,0,99,84,104,80,157,0.428,210,0.572,2,0.005,27,0.074,326,0.888,5,0.014,7,0.019,76,0.207,199,0.542,337,91.8%,92.9,% Hispanic,54.95263157894736,85.44,59.14,56.92142857142857,52.41428571428571
Manhattan,Manhattan,6,06M468,High School for Health Careers and Sciences,High school,Dual Language,Spanish,General Education,High School for Health Careers and Sciences,2019-20,401,0,0,0,0,0,0,0,0,0,0,96,116,103,86,214,0.534,187,0.466,6,0.015,65,0.162,322,0.803,4,0.01,4,0.01,75,0.187,167,0.416,Above 95%,Above 95%,93.0,% Hispanic,55.765,82.15,59.77,61.25,62.88333333333333
Manhattan,Manhattan,6,06M540,A. Philip Randolph Campus High School,High school,Dual Language,Spanish,General Education,A. Philip Randolph Campus High School,2019-20,1409,0,0,0,0,0,0,0,0,0,0,553,360,275,221,721,0.512,688,0.488,61,0.043,411,0.292,890,0.632,21,0.015,26,0.018,243,0.172,185,0.131,1219,86.5%,86.7,% Hispanic,63.95238095238095,75.03,67.37,65.76315789473684,73.94285714285715
Bronx,Bronx,7,07X223,The Laboratory School of Finance and Technology: X223,Secondary School,Dual Language,Spanish,General Education,The Laboratory School of Finance and Technology: X,2019-20,683,0,0,0,0,0,0,0,107,111,79,113,99,88,86,347,0.508,336,0.492,6,0.009,113,0.165,554,0.811,5,0.007,5,0.007,130,0.19,35,0.051,637,93.3%,90.7,% Hispanic,73.9375,,,64.2,71.23333333333333
Bronx,Bronx,7,07X584,I.S. 584,Junior High-Intermediate-Middle,Dual Language,Spanish,General Education,I.S. 584,2019-20,247,0,0,0,0,0,0,0,85,81,81,0,0,0,0,125,0.506,122,0.494,1,0.004,56,0.227,188,0.761,2,0.008,0,0.0,57,0.231,59,0.239,Above 95%,Above 95%,94.2,% Hispanic,,,,72.95,
Bronx,Bronx,8,08X448,Soundview Academy for Culture and Scholarship,Junior High-Intermediate-Middle,Dual Language,Spanish,General Education,Soundview Academy for Culture and Scholarship,2019-20,374,0,0,0,0,0,0,0,113,130,131,0,0,0,0,182,0.487,192,0.513,10,0.027,108,0.289,252,0.674,2,0.005,2,0.005,95,0.254,32,0.086,307,82.1%,87.3,% Hispanic,74.94,,,74.58,
Bronx,Bronx,9,09X218,P.S./I.S. 218 Rafael Hernandez Dual Language Magnet School,K-8,Dual Language,Spanish,General Education,P.S./I.S. 218 Rafael Hernandez Dual Language Magne,2019-20,1043,0,113,122,118,120,119,119,114,106,112,0,0,0,0,516,0.495,527,0.505,29,0.028,47,0.045,945,0.906,14,0.013,8,0.008,178,0.171,229,0.22,916,87.8%,92.4,% Hispanic,69.12,,,80.325,
Bronx,Bronx,9,09X218,P.S./I.S. 218 Rafael Hernandez Dual Language Magnet School,K-8,Dual Language,Spanish,Special Education,P.S./I.S. 218 Rafael Hernandez Dual Language Magne,2019-20,1043,0,113,122,118,120,119,119,114,106,112,0,0,0,0,516,0.495,527,0.505,29,0.028,47,0.045,945,0.906,14,0.013,8,0.008,178,0.171,229,0.22,916,87.8%,92.4,% Hispanic,69.12,,,80.325,
Bronx,Bronx,10,10X045,Thomas C. Giordano Middle School 45,Junior High-Intermediate-Middle,Dual Language,Spanish,General Education,Thomas C. Giordano Middle School 45,2019-20,708,0,0,0,0,0,0,0,228,252,228,0,0,0,0,357,0.504,351,0.496,7,0.01,121,0.171,552,0.78,7,0.01,21,0.03,155,0.219,128,0.181,671,94.8%,93.6,% Hispanic,65.74,,,78.08,
Bronx,Bronx,10,10X080,J.H.S. 080 The Mosholu Parkway,Junior High-Intermediate-Middle,Dual Language,Spanish,General Education,J.H.S. 080 The Mosholu Parkway,2019-20,641,0,0,0,0,0,0,0,193,216,232,0,0,0,0,281,0.438,360,0.562,54,0.084,102,0.159,451,0.704,8,0.012,26,0.041,174,0.271,172,0.268,566,88.3%,91.7,% Hispanic,64.68571428571428,,70.16666666666667,75.0125,75.76666666666667
Bronx,Bronx,10,10X390,M.S. 390,Junior High-Intermediate-Middle,Dual Language,Spanish,General Education,M.S. 390,2019-20,550,0,0,0,0,0,0,0,200,183,167,0,0,0,0,255,0.464,295,0.536,6,0.011,82,0.149,454,0.825,2,0.004,6,0.011,124,0.225,150,0.273,Above 95%,Above 95%,94.6,% Hispanic,80.60000000000001,,70.5,70.10000000000001,
Bronx,Bronx,11,11X127,J.H.S. 127 The Castle Hill,Junior High-Intermediate-Middle,Dual Language,Spanish,General Education,J.H.S. 127 The Castle Hill,2019-20,814,0,0,0,0,0,0,0,245,314,255,0,0,0,0,395,0.485,419,0.515,258,0.317,170,0.209,345,0.424,19,0.023,22,0.027,164,0.201,118,0.145,642,78.9%,81.6,% Hispanic,76.78,,,76.0375,
Bronx,Bronx,11,11X127,J.H.S. 127 The Castle Hill,Junior High-Intermediate-Middle,Dual Language,Spanish,Special Education,J.H.S. 127 The Castle Hill,2019-20,814,0,0,0,0,0,0,0,245,314,255,0,0,0,0,395,0.485,419,0.515,258,0.317,170,0.209,345,0.424,19,0.023,22,0.027,164,0.201,118,0.145,642,78.9%,81.6,% Hispanic,76.78,,,76.0375,
Brooklyn,Brooklyn North,13,13K113,M.S. 113 Ronald Edmonds Learning Center,Junior High-Intermediate-Middle,Dual Language,Spanish,General Education,M.S. 113 Ronald Edmonds Learning Center,2019-20,333,0,0,0,0,0,0,0,100,126,107,0,0,0,0,166,0.498,167,0.502,20,0.06,218,0.655,81,0.243,7,0.021,7,0.021,100,0.3,12,0.036,299,89.8%,89.8,% Black,71.06666666666666,,,65.58,74.92
Brooklyn,Brooklyn North,13,13K691,Fort Greene Preparatory Academy,Junior High-Intermediate-Middle,Dual Language,French,General Education,Fort Greene Preparatory Academy,2019-20,209,0,0,0,0,0,0,0,60,77,72,0,0,0,0,97,0.464,112,0.536,9,0.043,147,0.703,45,0.215,5,0.024,3,0.014,66,0.316,12,0.057,192,91.9%,88.3,% Black,62.279999999999994,,,73.7,
Brooklyn,Brooklyn North,14,14K050,J.H.S. 050 John D. Wells,Junior High-Intermediate-Middle,Dual Language,Spanish,General Education,J.H.S. 050 John D. Wells,2019-20,326,0,0,0,0,0,0,0,100,111,115,0,0,0,0,146,0.448,180,0.552,5,0.015,74,0.227,237,0.727,6,0.018,4,0.012,99,0.304,43,0.132,303,92.9%,87.7,% Hispanic,57.3,,,75.9,
Brooklyn,Brooklyn North,14,14K318,I.S. 318 Eugenio Maria De Hostos,Junior High-Intermediate-Middle,Dual Language,French,General Education,I.S. 318 Eugenio Maria De Hostos,2019-20,1267,0,0,0,0,0,0,0,435,434,398,0,0,0,0,647,0.511,620,0.489,95,0.075,216,0.17,674,0.532,20,0.016,262,0.207,235,0.185,61,0.048,812,64.1%,69.9,% Hispanic,79.6,,79.44,81.74,
Brooklyn,Brooklyn North,15,15K088,J.H.S. 088 Peter Rouget,Junior High-Intermediate-Middle,Dual Language,Spanish,General Education,J.H.S. 088 Peter Rouget,2019-20,1418,0,0,0,0,0,0,0,482,522,414,0,0,0,0,658,0.464,760,0.536,287,0.202,186,0.131,712,0.502,32,0.023,201,0.142,326,0.23,169,0.119,1022,72.1%,73.8,% Hispanic,80.46000000000001,,82.7,82.5,84.35
Brooklyn,Brooklyn North,15,15K136,I.S. 136 Charles O. Dewey,Junior High-Intermediate-Middle,Dual Language,French,General Education,I.S. 136 Charles O. Dewey,2019-20,509,0,0,0,0,0,0,0,147,184,178,0,0,0,0,264,0.519,245,0.481,51,0.1,23,0.045,400,0.786,4,0.008,31,0.061,127,0.25,182,0.358,479,94.1%,88.9,% Hispanic,70.75999999999999,,,77.38,
Brooklyn,Brooklyn North,15,15K136,I.S. 136 Charles O. Dewey,Junior High-Intermediate-Middle,Dual Language,Spanish,General Education,I.S. 136 Charles O. Dewey,2019-20,509,0,0,0,0,0,0,0,147,184,178,0,0,0,0,264,0.519,245,0.481,51,0.1,23,0.045,400,0.786,4,0.008,31,0.061,127,0.25,182,0.358,479,94.1%,88.9,% Hispanic,70.75999999999999,,,77.38,
Brooklyn,Brooklyn North,15,15K136,I.S. 136 Charles O. Dewey,Junior High-Intermediate-Middle,Dual Language,Spanish,Special Education,I.S. 136 Charles O. Dewey,2019-20,509,0,0,0,0,0,0,0,147,184,178,0,0,0,0,264,0.519,245,0.481,51,0.1,23,0.045,400,0.786,4,0.008,31,0.061,127,0.25,182,0.358,479,94.1%,88.9,% Hispanic,70.75999999999999,,,77.38,
Brooklyn,Brooklyn North,15,15K497,The Boerum Hill School for International Studies,Secondary School,Dual Language,French,General Education,The Boerum Hill School for International Studies,2019-20,812,0,0,0,0,0,0,0,170,159,155,105,108,53,62,408,0.502,404,0.498,32,0.039,216,0.266,181,0.223,61,0.075,322,0.397,157,0.193,53,0.065,368,45.3%,47.8,% White,54.138888888888886,75.03333333333333,60.54,55.86,60.52857142857143
Brooklyn,Brooklyn North,15,15K667,Sunset Park High School,High school,Dual Language,Spanish,General Education,Sunset Park High School,2019-20,1239,0,0,0,0,0,0,0,0,0,0,361,321,287,270,573,0.462,666,0.538,139,0.112,86,0.069,901,0.727,13,0.01,100,0.081,225,0.182,253,0.204,1053,85.0%,88.1,% Hispanic,57.521052631578954,80.56,66.77000000000001,61.42727272727272,67.32857142857144
Brooklyn,Brooklyn North,15,15K667,Sunset Park High School,High school,Dual Language,Spanish,Special Education,Sunset Park High School,2019-20,1239,0,0,0,0,0,0,0,0,0,0,361,321,287,270,573,0.462,666,0.538,139,0.112,86,0.069,901,0.727,13,0.01,100,0.081,225,0.182,253,0.204,1053,85.0%,88.1,% Hispanic,57.521052631578954,80.56,66.77000000000001,61.42727272727272,67.32857142857144
Brooklyn,Brooklyn South,17,17K189,P.S. 189 The Bilingual Center,K-8,Dual Language,Spanish,General Education,P.S. 189 The Bilingual Center,2019-20,1000,0,89,104,89,108,115,115,141,123,116,0,0,0,0,507,0.507,493,0.493,24,0.024,710,0.71,231,0.231,12,0.012,23,0.023,150,0.15,154,0.154,891,89.1%,82.8,% Black,78.52000000000001,,,85.06,83.66
Brooklyn,Brooklyn North,19,19K089,P.S. 089 Cypress Hills,K-8,Dual Language,Spanish,General Education,P.S. 089 Cypress Hills,2019-20,490,33,40,47,44,47,48,42,64,61,64,0,0,0,0,247,0.504,243,0.496,2,0.004,13,0.027,473,0.965,2,0.004,0,0.0,115,0.235,200,0.408,458,93.5%,86.4,% Hispanic,66.39999999999999,,,,
Brooklyn,Brooklyn North,19,19K089,P.S. 089 Cypress Hills,K-8,Dual Language,Spanish,Special Education,P.S. 089 Cypress Hills,2019-20,490,33,40,47,44,47,48,42,64,61,64,0,0,0,0,247,0.504,243,0.496,2,0.004,13,0.027,473,0.965,2,0.004,0,0.0,115,0.235,200,0.408,458,93.5%,86.4,% Hispanic,66.39999999999999,,,,
Brooklyn,Brooklyn North,19,19K089,P.S. 089 Cypress Hills,K-8,Dual Language,Spanish,Special Education,P.S. 089 Cypress Hills,2019-20,490,33,40,47,44,47,48,42,64,61,64,0,0,0,0,247,0.504,243,0.496,2,0.004,13,0.027,473,0.965,2,0.004,0,0.0,115,0.235,200,0.408,458,93.5%,86.4,% Hispanic,66.39999999999999,,,,
Brooklyn,Brooklyn South,20,20K505,Franklin Delano Roosevelt High School,High school,Dual Language,Chinese,General Education,Franklin Delano Roosevelt High School,2019-20,3300,0,0,0,0,0,0,0,0,0,0,976,1042,582,700,1356,0.411,1944,0.589,1203,0.365,334,0.101,1192,0.361,39,0.012,532,0.161,499,0.151,947,0.287,2650,80.3%,86.6,% Asian,71.58,89.27,72.31,66.185,68.97142857142856
Brooklyn,Brooklyn South,21,21K225,P.S. K225 - The Eileen E. Zaglin,K-8,Dual Language,Spanish,General Education,P.S. K225 - The Eileen E. Zaglin,2019-20,1005,45,94,103,82,82,103,97,140,129,130,0,0,0,0,450,0.448,555,0.552,208,0.207,22,0.022,344,0.342,11,0.011,420,0.418,195,0.194,356,0.354,819,81.5%,85.2,% White,79.47999999999999,,,84.95,
Brooklyn,Brooklyn South,21,21K228,I.S. 228 David A. Boody,Junior High-Intermediate-Middle,Dual Language,Chinese,General Education,I.S. 228 David A. Boody,2019-20,1498,0,0,0,0,0,0,0,503,514,481,0,0,0,0,685,0.457,813,0.543,452,0.302,72,0.048,335,0.224,16,0.011,623,0.416,218,0.146,185,0.123,1144,76.4%,70.8,% White,84.78,,,80.6,
Brooklyn,Brooklyn South,21,21K228,I.S. 228 David A. Boody,Junior High-Intermediate-Middle,Dual Language,Spanish,General Education,I.S. 228 David A. Boody,2019-20,1498,0,0,0,0,0,0,0,503,514,481,0,0,0,0,685,0.457,813,0.543,452,0.302,72,0.048,335,0.224,16,0.011,623,0.416,218,0.146,185,0.123,1144,76.4%,70.8,% White,84.78,,,80.6,
Brooklyn,Brooklyn South,21,21K238,P.S. 238 Anne Sullivan,K-8,Dual Language,Spanish,Special Education,P.S. 238 Anne Sullivan,2019-20,605,63,71,56,76,55,69,49,51,61,54,0,0,0,0,306,0.506,299,0.494,135,0.223,15,0.025,293,0.484,7,0.012,155,0.256,124,0.205,243,0.402,513,84.8%,88.3,% Hispanic,66.36,,,69.2,
Brooklyn,Brooklyn South,21,21K281,I.S. 281 Joseph B Cavallaro,Junior High-Intermediate-Middle,Dual Language,Chinese,General Education,I.S. 281 Joseph B Cavallaro,2019-20,1259,0,0,0,0,0,0,0,408,413,438,0,0,0,0,603,0.479,656,0.521,517,0.411,83,0.066,297,0.236,8,0.006,354,0.281,232,0.184,215,0.171,1050,83.4%,77.4,% Asian,83.22,,,84.34,
Queens,Queens North,24,24Q005,I.S. 5 - The Walter Crowley Intermediate School,Junior High-Intermediate-Middle,Dual Language,Spanish,General Education,I.S. 5 - The Walter Crowley Intermediate School,2019-20,1755,0,0,0,0,0,0,0,570,605,580,0,0,0,0,818,0.466,937,0.534,686,0.391,28,0.016,992,0.565,10,0.006,39,0.022,332,0.189,314,0.179,1376,78.4%,78.7,% Hispanic,86.6,,,87.12,
Queens,Queens North,24,24Q061,I.S. 061 Leonardo Da Vinci,Junior High-Intermediate-Middle,Dual Language,Spanish,General Education,I.S. 061 Leonardo Da Vinci,2019-20,2265,0,0,0,0,0,0,0,754,735,776,0,0,0,0,1062,0.469,1203,0.531,113,0.05,46,0.02,2056,0.908,10,0.004,40,0.018,507,0.224,701,0.309,2092,92.4%,88.2,% Hispanic,74.34,,75.9,74.54,
Queens,Queens North,24,24Q073,I.S. 73 - The Frank Sansivieri Intermediate School,Junior High-Intermediate-Middle,Dual Language,Spanish,General Education,I.S. 73 - The Frank Sansivieri Intermediate School,2019-20,2007,0,0,0,0,0,0,0,537,784,686,0,0,0,0,979,0.488,1028,0.512,554,0.276,24,0.012,1187,0.591,12,0.006,230,0.115,378,0.188,265,0.132,1383,68.9%,69.8,% Hispanic,84.76,,,87.7625,
Queens,Queens North,24,24Q077,I.S. 077,Junior High-Intermediate-Middle,Dual Language,Spanish,General Education,I.S. 077,2019-20,875,0,0,0,0,0,0,0,253,291,331,0,0,0,0,416,0.475,459,0.525,86,0.098,16,0.018,689,0.787,3,0.003,81,0.093,250,0.286,186,0.213,774,88.5%,80.6,% Hispanic,76.25999999999999,,,81.85,
Queens,Queens North,24,24Q102,P.S. 102 Bayview,K-8,Dual Language,Chinese,General Education,P.S. 102 Bayview,2019-20,1279,36,121,136,130,126,126,156,161,143,144,0,0,0,0,620,0.485,659,0.515,777,0.608,39,0.03,408,0.319,18,0.014,37,0.029,166,0.13,188,0.147,1042,81.5%,72.7,% Asian,86.36666666666667,,,89.5,
Queens,Queens North,24,24Q311,Corona Arts & Sciences Academy,Junior High-Intermediate-Middle,Dual Language,Spanish,General Education,Corona Arts & Sciences Academy,2019-20,762,0,0,0,0,0,0,0,263,187,312,0,0,0,0,388,0.509,374,0.491,10,0.013,12,0.016,736,0.966,2,0.003,2,0.003,165,0.217,183,0.24,Above 95%,Above 95%,90.3,% Hispanic,70.05000000000001,,71.15,68.075,
Queens,Queens North,25,25Q189,J.H.S. 189 Daniel Carter Beard,Junior High-Intermediate-Middle,Dual Language,Chinese,General Education,J.H.S. 189 Daniel Carter Beard,2019-20,735,0,0,0,0,0,0,0,236,240,259,0,0,0,0,365,0.497,370,0.503,463,0.63,23,0.031,233,0.317,3,0.004,13,0.018,136,0.185,162,0.22,625,85.0%,80.8,% Asian,82.92,,,91.67999999999999,
Queens,Queens South,27,27Q137,M.S. 137 America's School of Heroes,Junior High-Intermediate-Middle,Dual Language,Spanish,General Education,M.S. 137 America's School of Heroes,2019-20,1958,0,0,0,0,0,0,0,665,669,624,0,0,0,0,925,0.472,1033,0.528,1048,0.535,84,0.043,726,0.371,38,0.019,62,0.032,303,0.155,174,0.089,1622,82.8%,70.9,% Asian,76.7375,,85.3,83.11999999999999,47.5
Queens,Queens South,28,28Q440,Forest Hills High School,High school,Dual Language,Spanish,General Education,Forest Hills High School,2019-20,3705,0,0,0,0,0,0,0,0,0,0,1028,916,906,855,1883,0.508,1822,0.492,898,0.242,246,0.066,1359,0.367,134,0.036,1068,0.288,626,0.169,334,0.09,2787,75.2%,60.9,% Hispanic,70.43809523809524,87.475,78.28,71.34,78.14285714285714
Queens,Queens North,30,30Q145,I.S. 145 Joseph Pulitzer,Junior High-Intermediate-Middle,Dual Language,Spanish,General Education,I.S. 145 Joseph Pulitzer,2019-20,1660,0,0,0,0,0,0,0,556,587,517,0,0,0,0,815,0.491,845,0.509,115,0.069,23,0.014,1489,0.897,3,0.002,30,0.018,229,0.138,260,0.157,1495,90.1%,82.4,% Hispanic,79.38,,,80.75,
Queens,Queens North,30,30Q204,I.S. 204 Oliver W. Holmes,Junior High-Intermediate-Middle,Dual Language,Spanish,General Education,I.S. 204 Oliver W. Holmes,2019-20,445,0,0,0,0,0,0,0,154,123,168,0,0,0,0,210,0.472,235,0.528,73,0.164,86,0.193,246,0.553,5,0.011,35,0.079,122,0.274,66,0.148,395,88.8%,89.1,% Hispanic,81.04,,,68.34,
Queens,Queens North,30,30Q204,I.S. 204 Oliver W. Holmes,Junior High-Intermediate-Middle,Dual Language,Spanish,Special Education,I.S. 204 Oliver W. Holmes,2019-20,445,0,0,0,0,0,0,0,154,123,168,0,0,0,0,210,0.472,235,0.528,73,0.164,86,0.193,246,0.553,5,0.011,35,0.079,122,0.274,66,0.148,395,88.8%,89.1,% Hispanic,81.04,,,68.34,
Queens,Queens North,30,30Q450,Long Island City High School,High school,Dual Language,Spanish,General Education,Long Island City High School,2019-20,2204,0,0,0,0,0,0,0,0,0,0,823,557,418,406,1100,0.499,1104,0.501,314,0.142,197,0.089,1509,0.685,43,0.02,141,0.064,377,0.171,231,0.105,1822,82.7%,82.0,% Hispanic,57.828571428571436,74.9,64.39,57.739999999999995,66.87142857142858
Staten Island,Staten Island,31,31R051,I.S. 051 Edwin Markham,Junior High-Intermediate-Middle,Dual Language,Spanish,General Education,I.S. 051 Edwin Markham,2019-20,1313,0,0,0,0,0,0,0,454,442,417,0,0,0,0,656,0.5,657,0.5,73,0.056,284,0.216,656,0.5,29,0.022,271,0.206,382,0.291,104,0.079,1042,79.4%,75.1,% Hispanic,80.14,,72.92,81.76,
Staten Island,Staten Island,31,31R061,I.S. 061 William A Morris,Junior High-Intermediate-Middle,Dual Language,Spanish,Special Education,I.S. 061 William A Morris,2019-20,976,0,0,0,0,0,0,0,338,325,313,0,0,0,0,522,0.535,454,0.465,30,0.031,324,0.332,476,0.488,18,0.018,128,0.131,294,0.301,106,0.109,786,80.5%,80.5,% Hispanic,74.5,,68.2,82.86,
Brooklyn,Brooklyn North,32,32K349,"I.S. 349 Math, Science & Tech.",Junior High-Intermediate-Middle,Dual Language,Spanish,General Education,"I.S. 349 Math, Science & Tech.",2019-20,298,0,0,0,0,0,0,0,74,99,125,0,0,0,0,142,0.477,156,0.523,4,0.013,32,0.107,255,0.856,2,0.007,5,0.017,65,0.218,53,0.178,281,94.3%,93.4,% Hispanic,74.75,,,67.75,
Brooklyn,Brooklyn North,32,32K384,P.S. /I.S. 384 Frances E. Carter,K-8,Dual Language,Spanish,General Education,P.S. /I.S. 384 Frances E. Carter,2019-20,445,31,46,45,36,32,39,52,58,54,52,0,0,0,0,215,0.483,230,0.517,3,0.007,64,0.144,372,0.836,1,0.002,5,0.011,118,0.265,93,0.209,382,85.8%,90.6,% Hispanic,,,,65.15,
Brooklyn,Brooklyn North,32,32K384,P.S. /I.S. 384 Frances E. Carter,K-8,Dual Language,Spanish,Special Education,P.S. /I.S. 384 Frances E. Carter,2019-20,445,31,46,45,36,32,39,52,58,54,52,0,0,0,0,215,0.483,230,0.517,3,0.007,64,0.144,372,0.836,1,0.002,5,0.011,118,0.265,93,0.209,382,85.8%,90.6,% Hispanic,,,,65.15,
Brooklyn,Brooklyn North,32,32K556,Bushwick Leaders High School for Academic Excellence,High school,Dual Language,Spanish,Special Education,Bushwick Leaders High School for Academic Excellen,2019-20,339,0,0,0,0,0,0,0,0,0,0,121,91,72,55,173,0.51,166,0.49,4,0.012,50,0.147,271,0.799,10,0.029,4,0.012,84,0.248,92,0.271,Above 95%,Above 95%,93.4,% Hispanic,50.28333333333333,84.3,55.129999999999995,52.83076923076923,56.65714285714286
Brooklyn,Brooklyn North,32,32K562,Evergreen Middle School for Urban Exploration,Junior High-Intermediate-Middle,Dual Language,Spanish,General Education,Evergreen Middle School for Urban Exploration,2019-20,380,0,0,0,0,0,0,0,128,123,129,0,0,0,0,186,0.489,194,0.511,1,0.003,71,0.187,297,0.782,0,0.0,11,0.029,89,0.234,66,0.174,351,92.4%,91.8,% Hispanic,59.0,,,53.8,53.5
