Borough,Borough/Citywide Office (B/CO),District,DBN,school_name_x,School Category,Program,Language,General/Special Education,school_name_y,Year,Total Enrollment,Grade 3K+PK (Half Day & Full Day),Grade K,Grade 1,Grade 2,Grade 3,Grade 4,Grade 5,Grade 6,Grade 7,Grade 8,Grade 9,Grade 10,Grade 11,Grade 12,# Female,% Female,# Male,% Male,# Asian,% Asian,# Black,% Black,# Hispanic,% Hispanic,# Multiple Race Categories Not Represented,% Multiple Race Categories Not Represented,# White,% White,# Students with Disabilities,% Students with Disabilities,# English Language Learners,% English Language Learners,# Poverty,% Poverty,Economic Need Index,mostCommonEthnicGroup
Manhattan,Manhattan,1,01M020,P.S. 020 Anna Silver,Elementary,Dual Language,Chinese,General Education,P.S. 020 Anna Silver,2019-20,464,41,63,61,71,76,65,87,0,0,0,0,0,0,0,233,0.502,231,0.498,120,0.259,58,0.125,239,0.515,16,0.034,31,0.067,102,0.22,61,0.131,352,75.9%,78.2,% Hispanic
Manhattan,Manhattan,1,01M020,P.S. 020 Anna Silver,Elementary,Dual Language,Spanish,General Education,P.S. 020 Anna Silver,2019-20,464,41,63,61,71,76,65,87,0,0,0,0,0,0,0,233,0.502,231,0.498,120,0.259,58,0.125,239,0.515,16,0.034,31,0.067,102,0.22,61,0.131,352,75.9%,78.2,% Hispanic
Manhattan,Manhattan,1,01M184,P.S. 184m Shuang Wen,K-8,Dual Language,Chinese,General Education,P.S. 184m Shuang Wen,2019-20,707,36,76,58,63,62,51,62,101,107,91,0,0,0,0,355,0.502,352,0.498,498,0.704,24,0.034,84,0.119,49,0.069,52,0.074,117,0.165,99,0.14,469,66.3%,67.2,% Asian
Manhattan,Manhattan,1,01M184,P.S. 184m Shuang Wen,K-8,Dual Language,Chinese,Special Education,P.S. 184m Shuang Wen,2019-20,707,36,76,58,63,62,51,62,101,107,91,0,0,0,0,355,0.502,352,0.498,498,0.704,24,0.034,84,0.119,49,0.069,52,0.074,117,0.165,99,0.14,469,66.3%,67.2,% Asian
Manhattan,Manhattan,1,01M378,School for Global Leaders,Junior High-Intermediate-Middle,Dual Language,Chinese,General Education,School for Global Leaders,2019-20,204,0,0,0,0,0,0,0,47,67,90,0,0,0,0,89,0.436,115,0.564,17,0.083,50,0.245,121,0.593,6,0.029,10,0.049,83,0.407,17,0.083,172,84.3%,84.7,% Hispanic
Manhattan,Manhattan,2,02M001,P.S. 001 Alfred E. Smith,Elementary,Dual Language,Chinese,General Education,P.S. 001 Alfred E. Smith,2019-20,247,18,27,35,38,39,47,43,0,0,0,0,0,0,0,111,0.449,136,0.551,112,0.453,55,0.223,64,0.259,1,0.004,15,0.061,73,0.296,49,0.198,187,75.7%,81.1,% Asian
Manhattan,Manhattan,2,02M131,M.S. 131,Junior High-Intermediate-Middle,Dual Language,Chinese,General Education,M.S. 131,2019-20,304,0,0,0,0,0,0,0,59,105,140,0,0,0,0,124,0.408,180,0.592,223,0.734,26,0.086,46,0.151,2,0.007,7,0.023,72,0.237,70,0.23,269,88.5%,85.1,% Asian
Manhattan,Bronx,2,02M542,Manhattan Bridges High School,High school,Dual Language,Spanish,General Education,Manhattan Bridges High School,2019-20,520,0,0,0,0,0,0,0,0,0,0,150,182,106,82,263,0.506,257,0.494,1,0.002,1,0.002,515,0.99,2,0.004,1,0.002,28,0.054,189,0.363,443,85.2%,92.7,% Hispanic
Manhattan,Manhattan,2,02M545,High School for Dual Language and Asian Studies,High school,Dual Language,Chinese,General Education,High School for Dual Language and Asian Studies,2019-20,396,0,0,0,0,0,0,0,0,0,0,91,106,99,100,232,0.586,164,0.414,367,0.927,7,0.018,11,0.028,2,0.005,9,0.023,12,0.03,58,0.146,339,85.6%,82.2,% Asian
Manhattan,Manhattan,3,03M075,P.S. 075 Emily Dickinson,Elementary,Dual Language,Spanish,General Education,P.S. 075 Emily Dickinson,2019-20,520,0,82,77,73,89,94,105,0,0,0,0,0,0,0,242,0.465,278,0.535,12,0.023,96,0.185,294,0.565,17,0.033,101,0.194,221,0.425,68,0.131,353,67.9%,65.4,% Hispanic
Manhattan,Manhattan,3,03M075,P.S. 075 Emily Dickinson,Elementary,Dual Language,Spanish,Special Education,P.S. 075 Emily Dickinson,2019-20,520,0,82,77,73,89,94,105,0,0,0,0,0,0,0,242,0.465,278,0.535,12,0.023,96,0.185,294,0.565,17,0.033,101,0.194,221,0.425,68,0.131,353,67.9%,65.4,% Hispanic
Manhattan,Manhattan,3,03M084,P.S. 084 Lillian Weber,Elementary,Dual Language,French,General Education,P.S. 084 Lillian Weber,2019-20,687,108,108,107,93,83,92,96,0,0,0,0,0,0,0,371,0.54,316,0.46,26,0.038,54,0.079,213,0.31,40,0.058,354,0.515,113,0.164,39,0.057,235,34.2%,37.5,% White
Manhattan,Manhattan,3,03M084,P.S. 084 Lillian Weber,Elementary,Dual Language,Spanish,General Education,P.S. 084 Lillian Weber,2019-20,687,108,108,107,93,83,92,96,0,0,0,0,0,0,0,371,0.54,316,0.46,26,0.038,54,0.079,213,0.31,40,0.058,354,0.515,113,0.164,39,0.057,235,34.2%,37.5,% White
Manhattan,Manhattan,3,03M087,P.S. 087 William Sherman,Elementary,Dual Language,Spanish,General Education,P.S. 087 William Sherman,2019-20,873,18,144,139,139,142,159,132,0,0,0,0,0,0,0,465,0.533,408,0.467,63,0.072,23,0.026,134,0.153,79,0.09,574,0.658,145,0.166,26,0.03,70,8.0%,12.4,% White
Manhattan,Manhattan,3,03M145,"P.S. 145, The Bloomingdale School",Elementary,Dual Language,Russian,General Education,"P.S. 145, The Bloomingdale School",2019-20,395,44,66,58,59,57,58,53,0,0,0,0,0,0,0,182,0.461,213,0.539,5,0.013,105,0.266,204,0.516,7,0.018,74,0.187,126,0.319,39,0.099,279,70.6%,77.4,% Hispanic
Manhattan,Manhattan,3,03M145,"P.S. 145, The Bloomingdale School",Elementary,Dual Language,Spanish,General Education,"P.S. 145, The Bloomingdale School",2019-20,395,44,66,58,59,57,58,53,0,0,0,0,0,0,0,182,0.461,213,0.539,5,0.013,105,0.266,204,0.516,7,0.018,74,0.187,126,0.319,39,0.099,279,70.6%,77.4,% Hispanic
Manhattan,Manhattan,3,03M165,P.S. 165 Robert E. Simon,Elementary,Dual Language,Spanish,General Education,P.S. 165 Robert E. Simon,2019-20,432,35,84,58,56,62,65,72,0,0,0,0,0,0,0,217,0.502,215,0.498,27,0.063,64,0.148,232,0.537,8,0.019,101,0.234,83,0.192,37,0.086,269,62.3%,64.0,% Hispanic
Manhattan,Manhattan,3,03M180,P.S. 180 Hugo Newman,K-8,Dual Language,Spanish,General Education,P.S. 180 Hugo Newman,2019-20,513,78,68,46,40,48,42,46,43,53,49,0,0,0,0,235,0.458,278,0.542,15,0.029,246,0.48,156,0.304,23,0.045,73,0.142,102,0.199,51,0.099,348,67.8%,70.2,% Black
Manhattan,Manhattan,3,03M242,P.S. 242 - The Young Diplomats Magnet Academy,Elementary,Dual Language,Italian,Special Education,P.S. 242 - The Young Diplomats Magnet Academy,2019-20,140,23,24,19,14,28,15,17,0,0,0,0,0,0,0,61,0.436,79,0.564,4,0.029,89,0.636,40,0.286,4,0.029,3,0.021,46,0.329,11,0.079,118,84.3%,85.0,% Black
Manhattan,Manhattan,3,03M247,M.S. M247 Dual Language Middle School,Junior High-Intermediate-Middle,Dual Language,Spanish,General Education,M.S. M247 Dual Language Middle School,2019-20,231,0,0,0,0,0,0,0,85,77,69,0,0,0,0,125,0.541,106,0.459,2,0.009,4,0.017,216,0.935,0,0.0,9,0.039,65,0.281,54,0.234,199,86.1%,85.2,% Hispanic
Manhattan,Manhattan,3,03M247,M.S. M247 Dual Language Middle School,Junior High-Intermediate-Middle,Dual Language,Spanish,Special Education,M.S. M247 Dual Language Middle School,2019-20,231,0,0,0,0,0,0,0,85,77,69,0,0,0,0,125,0.541,106,0.459,2,0.009,4,0.017,216,0.935,0,0.0,9,0.039,65,0.281,54,0.234,199,86.1%,85.2,% Hispanic
Manhattan,Manhattan,3,03M256,Lafayette Academy,Junior High-Intermediate-Middle,Dual Language,French,General Education,Lafayette Academy,2019-20,143,0,0,0,0,0,0,0,50,52,41,0,0,0,0,71,0.497,72,0.503,1,0.007,57,0.399,41,0.287,5,0.035,39,0.273,32,0.224,16,0.112,97,67.8%,63.2,% Black
Manhattan,Manhattan,4,04M072,The Lexington Academy,K-8,Dual Language,Spanish,General Education,The Lexington Academy,2019-20,588,44,56,52,53,50,54,64,73,79,63,0,0,0,0,284,0.483,304,0.517,11,0.019,102,0.173,453,0.77,9,0.015,13,0.022,150,0.255,51,0.087,526,89.5%,91.7,% Hispanic
Manhattan,Manhattan,4,04M096,P.S. 096 Joseph Lanzetta,K-8,Dual Language,Spanish,General Education,P.S. 096 Joseph Lanzetta,2019-20,405,35,30,27,32,35,34,44,59,57,52,0,0,0,0,185,0.457,220,0.543,8,0.02,93,0.23,277,0.684,13,0.032,14,0.035,128,0.316,74,0.183,380,93.8%,93.6,% Hispanic
Manhattan,Manhattan,4,04M112,P.S. 112 Jose Celso Barbosa,Early Childhood,Dual Language,Spanish,General Education,P.S. 112 Jose Celso Barbosa,2019-20,322,51,86,93,92,0,0,0,0,0,0,0,0,0,0,143,0.444,179,0.556,7,0.022,70,0.217,222,0.689,2,0.006,21,0.065,135,0.419,61,0.189,260,80.7%,87.4,% Hispanic
Manhattan,Manhattan,4,04M112,P.S. 112 Jose Celso Barbosa,Early Childhood,Dual Language,Spanish,Special Education,P.S. 112 Jose Celso Barbosa,2019-20,322,51,86,93,92,0,0,0,0,0,0,0,0,0,0,143,0.444,179,0.556,7,0.022,70,0.217,222,0.689,2,0.006,21,0.065,135,0.419,61,0.189,260,80.7%,87.4,% Hispanic
Manhattan,Manhattan,4,04M182,The Bilingual Bicultural School,Elementary,Dual Language,Spanish,General Education,The Bilingual Bicultural School,2019-20,296,26,56,31,29,47,54,53,0,0,0,0,0,0,0,154,0.52,142,0.48,2,0.007,16,0.054,276,0.932,0,0.0,2,0.007,92,0.311,109,0.368,Above 95%,Above 95%,93.5,% Hispanic
Manhattan,Manhattan,4,04M182,The Bilingual Bicultural School,Elementary,Dual Language,Spanish,Special Education,The Bilingual Bicultural School,2019-20,296,26,56,31,29,47,54,53,0,0,0,0,0,0,0,154,0.52,142,0.48,2,0.007,16,0.054,276,0.932,0,0.0,2,0.007,92,0.311,109,0.368,Above 95%,Above 95%,93.5,% Hispanic
Manhattan,Manhattan,4,04M206,P.S. 206 Jose Celso Barbosa,K-8,Dual Language,Spanish,General Education,P.S. 206 Jose Celso Barbosa,2019-20,454,0,0,0,0,65,79,90,71,74,75,0,0,0,0,198,0.436,256,0.564,8,0.018,103,0.227,317,0.698,9,0.02,17,0.037,192,0.423,68,0.15,380,83.7%,89.6,% Hispanic
Manhattan,Manhattan,4,04M206,P.S. 206 Jose Celso Barbosa,K-8,Dual Language,Spanish,Special Education,P.S. 206 Jose Celso Barbosa,2019-20,454,0,0,0,0,65,79,90,71,74,75,0,0,0,0,198,0.436,256,0.564,8,0.018,103,0.227,317,0.698,9,0.02,17,0.037,192,0.423,68,0.15,380,83.7%,89.6,% Hispanic
Manhattan,Manhattan,4,04M372,Esperanza Preparatory Academy,Secondary School,Dual Language,Spanish,General Education,Esperanza Preparatory Academy,2019-20,525,0,0,0,0,0,0,0,64,70,78,72,91,71,79,245,0.467,280,0.533,8,0.015,62,0.118,444,0.846,2,0.004,9,0.017,123,0.234,160,0.305,478,91.0%,94.4,% Hispanic
Manhattan,Manhattan,5,05M129,P.S. 129 John H. Finley,K-8,Dual Language,Spanish,General Education,P.S. 129 John H. Finley,2019-20,377,60,31,23,25,33,33,27,41,42,62,0,0,0,0,179,0.475,198,0.525,8,0.021,191,0.507,162,0.43,9,0.024,7,0.019,120,0.318,27,0.072,352,93.4%,90.4,% Black
Manhattan,Manhattan,5,05M161,P.S. 161 Pedro Albizu Campos,K-8,Dual Language,Spanish,General Education,P.S. 161 Pedro Albizu Campos,2019-20,762,0,43,51,64,64,81,96,121,117,125,0,0,0,0,382,0.501,380,0.499,11,0.014,157,0.206,571,0.749,6,0.008,17,0.022,213,0.28,184,0.241,709,93.0%,94.3,% Hispanic
Manhattan,Manhattan,6,06M004,P.S. 004 Duke Ellington,Elementary,Dual Language,Spanish,General Education,P.S. 004 Duke Ellington,2019-20,499,62,74,77,49,73,79,85,0,0,0,0,0,0,0,247,0.495,252,0.505,13,0.026,44,0.088,434,0.87,7,0.014,1,0.002,103,0.206,119,0.238,414,83.0%,87.6,% Hispanic
Manhattan,Manhattan,6,06M005,P.S. 005 Ellen Lurie,Elementary,Dual Language,Spanish,General Education,P.S. 005 Ellen Lurie,2019-20,556,80,76,72,74,80,95,79,0,0,0,0,0,0,0,277,0.498,279,0.502,1,0.002,36,0.065,508,0.914,4,0.007,7,0.013,139,0.25,194,0.349,500,89.9%,91.2,% Hispanic
Manhattan,Manhattan,6,06M008,P.S. 008 Luis Belliard,Elementary,Dual Language,Spanish,General Education,P.S. 008 Luis Belliard,2019-20,480,51,47,63,72,84,86,77,0,0,0,0,0,0,0,242,0.504,238,0.496,1,0.002,8,0.017,464,0.967,0,0.0,7,0.015,108,0.225,162,0.338,Above 95%,Above 95%,90.2,% Hispanic
Manhattan,Manhattan,6,06M028,P.S. 028 Wright Brothers,Elementary,Dual Language,Spanish,General Education,P.S. 028 Wright Brothers,2019-20,532,51,58,83,89,81,80,90,0,0,0,0,0,0,0,246,0.462,286,0.538,4,0.008,81,0.152,420,0.789,3,0.006,24,0.045,170,0.32,198,0.372,487,91.5%,94.6,% Hispanic
Manhattan,Manhattan,6,06M048,P.S. 048 P.O. Michael J. Buczek,Elementary,Dual Language,Spanish,General Education,P.S. 048 P.O. Michael J. Buczek,2019-20,452,64,45,58,59,60,83,83,0,0,0,0,0,0,0,211,0.467,241,0.533,1,0.002,10,0.022,419,0.927,5,0.011,17,0.038,119,0.263,121,0.268,410,90.7%,86.3,% Hispanic
Manhattan,Manhattan,6,06M098,P.S. 098 Shorac Kappock,Elementary,Dual Language,Spanish,General Education,P.S. 098 Shorac Kappock,2019-20,414,101,53,44,47,46,68,55,0,0,0,0,0,0,0,210,0.507,204,0.493,2,0.005,8,0.019,382,0.923,2,0.005,20,0.048,73,0.176,114,0.275,352,85.0%,84.7,% Hispanic
Manhattan,Manhattan,6,06M103,Dos Puentes Elementary School,Elementary,Dual Language,Spanish,General Education,Dos Puentes Elementary School,2019-20,415,0,66,76,72,77,64,60,0,0,0,0,0,0,0,204,0.492,211,0.508,2,0.005,9,0.022,314,0.757,11,0.027,79,0.19,102,0.246,124,0.299,271,65.3%,66.3,% Hispanic
Manhattan,Manhattan,6,06M103,Dos Puentes Elementary School,Elementary,Dual Language,Spanish,Special Education,Dos Puentes Elementary School,2019-20,415,0,66,76,72,77,64,60,0,0,0,0,0,0,0,204,0.492,211,0.508,2,0.005,9,0.022,314,0.757,11,0.027,79,0.19,102,0.246,124,0.299,271,65.3%,66.3,% Hispanic
Manhattan,Manhattan,6,06M128,P.S. 128 Audubon,Elementary,Dual Language,Spanish,General Education,P.S. 128 Audubon,2019-20,604,102,86,78,77,86,97,78,0,0,0,0,0,0,0,305,0.505,299,0.495,6,0.01,21,0.035,553,0.916,4,0.007,20,0.033,128,0.212,103,0.171,530,87.7%,83.7,% Hispanic
Manhattan,Manhattan,6,06M153,P.S. 153 Adam Clayton Powell,Elementary,Dual Language,Spanish,General Education,P.S. 153 Adam Clayton Powell,2019-20,490,63,56,65,72,68,100,66,0,0,0,0,0,0,0,233,0.476,257,0.524,11,0.022,81,0.165,373,0.761,7,0.014,18,0.037,84,0.171,124,0.253,450,91.8%,90.4,% Hispanic
Manhattan,Manhattan,6,06M178,Professor Juan Bosch Public School,Elementary,Dual Language,Spanish,General Education,Professor Juan Bosch Public School,2019-20,293,0,54,58,53,47,39,42,0,0,0,0,0,0,0,145,0.495,148,0.505,3,0.01,6,0.02,230,0.785,6,0.02,48,0.164,74,0.253,25,0.085,198,67.6%,66.3,% Hispanic
Manhattan,Manhattan,6,06M209,Hamilton Grange Middle School,Junior High-Intermediate-Middle,Dual Language,Spanish,Special Education,Hamilton Grange Middle School,2019-20,321,0,0,0,0,0,0,0,118,117,86,0,0,0,0,147,0.458,174,0.542,8,0.025,32,0.1,262,0.816,4,0.012,15,0.047,80,0.249,63,0.196,285,88.8%,86.8,% Hispanic
Manhattan,Manhattan,6,06M210,P.S./I.S. 210 - Twenty-first Century Academy for Community Leadership,K-8,Dual Language,Spanish,General Education,P.S./I.S. 210 - Twenty-first Century Academy for C,2019-20,430,17,42,47,44,42,48,37,47,58,48,0,0,0,0,213,0.495,217,0.505,3,0.007,5,0.012,421,0.979,0,0.0,1,0.002,99,0.23,145,0.337,398,92.6%,88.9,% Hispanic
Manhattan,Manhattan,6,06M210,P.S./I.S. 210 - Twenty-first Century Academy for Community Leadership,K-8,Dual Language,Spanish,Special Education,P.S./I.S. 210 - Twenty-first Century Academy for C,2019-20,430,17,42,47,44,42,48,37,47,58,48,0,0,0,0,213,0.495,217,0.505,3,0.007,5,0.012,421,0.979,0,0.0,1,0.002,99,0.23,145,0.337,398,92.6%,88.9,% Hispanic
Manhattan,Manhattan,6,06M311,Amistad Dual Language School,K-8,Dual Language,Spanish,General Education,Amistad Dual Language School,2019-20,427,0,49,45,54,44,44,44,50,46,51,0,0,0,0,215,0.504,212,0.496,4,0.009,8,0.019,393,0.92,3,0.007,19,0.044,90,0.211,129,0.302,333,78.0%,78.0,% Hispanic
Manhattan,Manhattan,6,06M311,Amistad Dual Language School,K-8,Dual Language,Spanish,Special Education,Amistad Dual Language School,2019-20,427,0,49,45,54,44,44,44,50,46,51,0,0,0,0,215,0.504,212,0.496,4,0.009,8,0.019,393,0.92,3,0.007,19,0.044,90,0.211,129,0.302,333,78.0%,78.0,% Hispanic
Manhattan,Manhattan,6,06M311,Amistad Dual Language School,K-8,Dual Language,Spanish,Special Education,Amistad Dual Language School,2019-20,427,0,49,45,54,44,44,44,50,46,51,0,0,0,0,215,0.504,212,0.496,4,0.009,8,0.019,393,0.92,3,0.007,19,0.044,90,0.211,129,0.302,333,78.0%,78.0,% Hispanic
Manhattan,Manhattan,6,06M319,M.S. 319 - Maria Teresa,Junior High-Intermediate-Middle,Dual Language,Spanish,General Education,M.S. 319 - Maria Teresa,2019-20,386,0,0,0,0,0,0,0,127,115,144,0,0,0,0,182,0.472,204,0.528,0,0.0,9,0.023,373,0.966,0,0.0,4,0.01,106,0.275,127,0.329,Above 95%,Above 95%,92.0,% Hispanic
Manhattan,Manhattan,6,06M322,Middle School 322,Junior High-Intermediate-Middle,Dual Language,Spanish,General Education,Middle School 322,2019-20,325,0,0,0,0,0,0,0,79,109,137,0,0,0,0,145,0.446,180,0.554,0,0.0,4,0.012,316,0.972,4,0.012,1,0.003,65,0.2,135,0.415,Above 95%,Above 95%,93.3,% Hispanic
Manhattan,Manhattan,6,06M328,Community Math & Science Prep,Junior High-Intermediate-Middle,Dual Language,Spanish,General Education,Community Math & Science Prep,2019-20,167,0,0,0,0,0,0,0,41,57,69,0,0,0,0,69,0.413,98,0.587,2,0.012,21,0.126,138,0.826,1,0.006,5,0.03,65,0.389,76,0.455,156,93.4%,91.1,% Hispanic
Manhattan,Manhattan,6,06M462,The College Academy,High school,Dual Language,Spanish,General Education,The College Academy,2019-20,367,0,0,0,0,0,0,0,0,0,0,99,84,104,80,157,0.428,210,0.572,2,0.005,27,0.074,326,0.888,5,0.014,7,0.019,76,0.207,199,0.542,337,91.8%,92.9,% Hispanic
Manhattan,Manhattan,6,06M468,High School for Health Careers and Sciences,High school,Dual Language,Spanish,General Education,High School for Health Careers and Sciences,2019-20,401,0,0,0,0,0,0,0,0,0,0,96,116,103,86,214,0.534,187,0.466,6,0.015,65,0.162,322,0.803,4,0.01,4,0.01,75,0.187,167,0.416,Above 95%,Above 95%,93.0,% Hispanic
Manhattan,Manhattan,6,06M513,Castle Bridge School,Elementary,Dual Language,Spanish,Special Education,Castle Bridge School,2019-20,189,16,26,39,28,35,24,21,0,0,0,0,0,0,0,97,0.513,92,0.487,2,0.011,9,0.048,134,0.709,9,0.048,35,0.185,69,0.365,64,0.339,125,66.1%,67.8,% Hispanic
Manhattan,Manhattan,6,06M540,A. Philip Randolph Campus High School,High school,Dual Language,Spanish,General Education,A. Philip Randolph Campus High School,2019-20,1409,0,0,0,0,0,0,0,0,0,0,553,360,275,221,721,0.512,688,0.488,61,0.043,411,0.292,890,0.632,21,0.015,26,0.018,243,0.172,185,0.131,1219,86.5%,86.7,% Hispanic
Bronx,Bronx,7,07X025,P.S. 025 Bilingual School,Elementary,Dual Language,Spanish,General Education,P.S. 025 Bilingual School,2019-20,531,51,80,73,85,89,83,70,0,0,0,0,0,0,0,249,0.469,282,0.531,5,0.009,51,0.096,470,0.885,1,0.002,4,0.008,163,0.307,113,0.213,472,88.9%,91.0,% Hispanic
Bronx,Bronx,7,07X030,P.S. 030 Wilton,Elementary,Dual Language,Spanish,General Education,P.S. 030 Wilton,2019-20,527,77,67,61,68,80,84,90,0,0,0,0,0,0,0,265,0.503,262,0.497,3,0.006,105,0.199,405,0.769,3,0.006,11,0.021,130,0.247,106,0.201,489,92.8%,94.5,% Hispanic
Bronx,Bronx,7,07X049,P.S. 049 Willis Avenue,Elementary,Dual Language,Spanish,General Education,P.S. 049 Willis Avenue,2019-20,651,91,83,82,94,89,101,111,0,0,0,0,0,0,0,312,0.479,339,0.521,3,0.005,168,0.258,465,0.714,7,0.011,8,0.012,179,0.275,84,0.129,611,93.9%,94.6,% Hispanic
Bronx,Bronx,7,07X223,The Laboratory School of Finance and Technology: X223,Secondary School,Dual Language,Spanish,General Education,The Laboratory School of Finance and Technology: X,2019-20,683,0,0,0,0,0,0,0,107,111,79,113,99,88,86,347,0.508,336,0.492,6,0.009,113,0.165,554,0.811,5,0.007,5,0.007,130,0.19,35,0.051,637,93.3%,90.7,% Hispanic
Bronx,Bronx,7,07X277,P.S. 277,Elementary,Dual Language,Spanish,General Education,P.S. 277,2019-20,438,96,58,53,58,63,48,62,0,0,0,0,0,0,0,203,0.463,235,0.537,3,0.007,110,0.251,312,0.712,11,0.025,2,0.005,97,0.221,65,0.148,400,91.3%,93.2,% Hispanic
Bronx,Bronx,7,07X584,I.S. 584,Junior High-Intermediate-Middle,Dual Language,Spanish,General Education,I.S. 584,2019-20,247,0,0,0,0,0,0,0,85,81,81,0,0,0,0,125,0.506,122,0.494,1,0.004,56,0.227,188,0.761,2,0.008,0,0.0,57,0.231,59,0.239,Above 95%,Above 95%,94.2,% Hispanic
Bronx,Bronx,8,08X333,The Longwood Academy of Discovery,Elementary,Dual Language,Spanish,General Education,The Longwood Academy of Discovery,2019-20,582,45,75,86,95,89,78,114,0,0,0,0,0,0,0,289,0.497,293,0.503,4,0.007,121,0.208,440,0.756,3,0.005,14,0.024,171,0.294,120,0.206,Above 95%,Above 95%,94.8,% Hispanic
Bronx,Bronx,8,08X448,Soundview Academy for Culture and Scholarship,Junior High-Intermediate-Middle,Dual Language,Spanish,General Education,Soundview Academy for Culture and Scholarship,2019-20,374,0,0,0,0,0,0,0,113,130,131,0,0,0,0,182,0.487,192,0.513,10,0.027,108,0.289,252,0.674,2,0.005,2,0.005,95,0.254,32,0.086,307,82.1%,87.3,% Hispanic
Bronx,Bronx,9,09X011,P.S. 011 Highbridge,Elementary,Dual Language,Spanish,General Education,P.S. 011 Highbridge,2019-20,558,59,71,65,85,87,94,97,0,0,0,0,0,0,0,290,0.52,268,0.48,5,0.009,152,0.272,394,0.706,3,0.005,4,0.007,133,0.238,119,0.213,508,91.0%,93.2,% Hispanic
Bronx,Bronx,9,09X073,P.S. 073 Bronx,Elementary,Dual Language,Spanish,General Education,P.S. 073 Bronx,2019-20,567,73,63,78,76,81,97,99,0,0,0,0,0,0,0,259,0.457,308,0.543,0,0.0,147,0.259,412,0.727,2,0.004,6,0.011,142,0.25,125,0.22,532,93.8%,93.9,% Hispanic
Bronx,Bronx,9,09X109,P.S. 109 Sedgwick,Elementary,Dual Language,Spanish,General Education,P.S. 109 Sedgwick,2019-20,572,76,76,77,94,82,93,74,0,0,0,0,0,0,0,280,0.49,292,0.51,2,0.003,125,0.219,435,0.76,3,0.005,7,0.012,129,0.226,117,0.205,523,91.4%,92.9,% Hispanic
Bronx,Bronx,9,09X218,P.S./I.S. 218 Rafael Hernandez Dual Language Magnet School,K-8,Dual Language,Spanish,General Education,P.S./I.S. 218 Rafael Hernandez Dual Language Magne,2019-20,1043,0,113,122,118,120,119,119,114,106,112,0,0,0,0,516,0.495,527,0.505,29,0.028,47,0.045,945,0.906,14,0.013,8,0.008,178,0.171,229,0.22,916,87.8%,92.4,% Hispanic
Bronx,Bronx,9,09X218,P.S./I.S. 218 Rafael Hernandez Dual Language Magnet School,K-8,Dual Language,Spanish,Special Education,P.S./I.S. 218 Rafael Hernandez Dual Language Magne,2019-20,1043,0,113,122,118,120,119,119,114,106,112,0,0,0,0,516,0.495,527,0.505,29,0.028,47,0.045,945,0.906,14,0.013,8,0.008,178,0.171,229,0.22,916,87.8%,92.4,% Hispanic
Bronx,Bronx,9,09X443,The Family School,Elementary,Dual Language,Spanish,General Education,The Family School,2019-20,537,33,82,93,84,81,83,81,0,0,0,0,0,0,0,277,0.516,260,0.484,22,0.041,126,0.235,382,0.711,2,0.004,5,0.009,151,0.281,171,0.318,496,92.4%,94.8,% Hispanic
Bronx,Bronx,9,09X449,Grant Avenue Elementary School,Elementary,Dual Language,Spanish,General Education,Grant Avenue Elementary School,2019-20,427,26,69,72,65,64,63,68,0,0,0,0,0,0,0,199,0.466,228,0.534,19,0.044,115,0.269,275,0.644,8,0.019,10,0.023,136,0.319,96,0.225,388,90.9%,91.8,% Hispanic
Bronx,Bronx,10,10X045,Thomas C. Giordano Middle School 45,Junior High-Intermediate-Middle,Dual Language,Spanish,General Education,Thomas C. Giordano Middle School 45,2019-20,708,0,0,0,0,0,0,0,228,252,228,0,0,0,0,357,0.504,351,0.496,7,0.01,121,0.171,552,0.78,7,0.01,21,0.03,155,0.219,128,0.181,671,94.8%,93.6,% Hispanic
Bronx,Bronx,10,10X046,P.S. 046 Edgar Allan Poe,Elementary,Dual Language,Spanish,General Education,P.S. 046 Edgar Allan Poe,2019-20,823,0,129,125,146,146,131,146,0,0,0,0,0,0,0,410,0.498,413,0.502,15,0.018,106,0.129,675,0.82,10,0.012,17,0.021,194,0.236,315,0.383,738,89.7%,93.5,% Hispanic
Bronx,Bronx,10,10X054,P.S./I.S. 54,Elementary,Dual Language,Spanish,General Education,P.S./I.S. 54,2019-20,454,54,64,71,63,63,73,66,0,0,0,0,0,0,0,237,0.522,217,0.478,9,0.02,97,0.214,338,0.744,2,0.004,8,0.018,81,0.178,82,0.181,Above 95%,Above 95%,93.2,% Hispanic
Bronx,Bronx,10,10X077,Bedford Park Elementary School,Elementary,Dual Language,Spanish,General Education,Bedford Park Elementary School,2019-20,507,35,72,87,73,102,72,66,0,0,0,0,0,0,0,241,0.475,266,0.525,69,0.136,37,0.073,344,0.679,7,0.014,50,0.099,91,0.179,124,0.245,427,84.2%,88.2,% Hispanic
Bronx,Bronx,10,10X080,J.H.S. 080 The Mosholu Parkway,Junior High-Intermediate-Middle,Dual Language,Spanish,General Education,J.H.S. 080 The Mosholu Parkway,2019-20,641,0,0,0,0,0,0,0,193,216,232,0,0,0,0,281,0.438,360,0.562,54,0.084,102,0.159,451,0.704,8,0.012,26,0.041,174,0.271,172,0.268,566,88.3%,91.7,% Hispanic
Bronx,Bronx,10,10X207,P.S. 207,Elementary,Dual Language,Spanish,General Education,P.S. 207,2019-20,371,32,58,55,93,60,73,0,0,0,0,0,0,0,0,173,0.466,198,0.534,14,0.038,26,0.07,304,0.819,3,0.008,24,0.065,76,0.205,89,0.24,320,86.3%,88.2,% Hispanic
Bronx,Bronx,10,10X390,M.S. 390,Junior High-Intermediate-Middle,Dual Language,Spanish,General Education,M.S. 390,2019-20,550,0,0,0,0,0,0,0,200,183,167,0,0,0,0,255,0.464,295,0.536,6,0.011,82,0.149,454,0.825,2,0.004,6,0.011,124,0.225,150,0.273,Above 95%,Above 95%,94.6,% Hispanic
Bronx,Bronx,11,11X103,P.S. 103 Hector Fontanez,Elementary,Dual Language,Spanish,General Education,P.S. 103 Hector Fontanez,2019-20,948,18,116,154,146,136,189,189,0,0,0,0,0,0,0,446,0.47,502,0.53,27,0.028,412,0.435,452,0.477,29,0.031,28,0.03,231,0.244,154,0.162,869,91.7%,89.7,% Hispanic
Bronx,Bronx,11,11X105,P.S. 105 Sen Abraham Bernstein,Elementary,Dual Language,Spanish,General Education,P.S. 105 Sen Abraham Bernstein,2019-20,972,54,149,162,143,133,159,172,0,0,0,0,0,0,0,464,0.477,508,0.523,108,0.111,91,0.094,628,0.646,12,0.012,133,0.137,193,0.199,256,0.263,879,90.4%,88.5,% Hispanic
Bronx,Bronx,11,11X127,J.H.S. 127 The Castle Hill,Junior High-Intermediate-Middle,Dual Language,Spanish,General Education,J.H.S. 127 The Castle Hill,2019-20,814,0,0,0,0,0,0,0,245,314,255,0,0,0,0,395,0.485,419,0.515,258,0.317,170,0.209,345,0.424,19,0.023,22,0.027,164,0.201,118,0.145,642,78.9%,81.6,% Hispanic
Bronx,Bronx,11,11X127,J.H.S. 127 The Castle Hill,Junior High-Intermediate-Middle,Dual Language,Spanish,Special Education,J.H.S. 127 The Castle Hill,2019-20,814,0,0,0,0,0,0,0,245,314,255,0,0,0,0,395,0.485,419,0.515,258,0.317,170,0.209,345,0.424,19,0.023,22,0.027,164,0.201,118,0.145,642,78.9%,81.6,% Hispanic
Bronx,Bronx,12,12X458,Samara Community School,Elementary,Dual Language,Spanish,General Education,Samara Community School,2019-20,287,31,45,43,44,42,43,39,0,0,0,0,0,0,0,152,0.53,135,0.47,0,0.0,30,0.105,254,0.885,1,0.003,2,0.007,65,0.226,45,0.157,Above 95%,Above 95%,86.8,% Hispanic
Bronx,Bronx,12,12X458,Samara Community School,Elementary,Dual Language,Spanish,Special Education,Samara Community School,2019-20,287,31,45,43,44,42,43,39,0,0,0,0,0,0,0,152,0.53,135,0.47,0,0.0,30,0.105,254,0.885,1,0.003,2,0.007,65,0.226,45,0.157,Above 95%,Above 95%,86.8,% Hispanic
Bronx,Bronx,12,12X463,Urban Scholars Community School,Elementary,Dual Language,Spanish,General Education,Urban Scholars Community School,2019-20,292,27,40,42,39,41,47,56,0,0,0,0,0,0,0,144,0.493,148,0.507,3,0.01,125,0.428,159,0.545,4,0.014,1,0.003,78,0.267,42,0.144,Above 95%,Above 95%,94.9,% Hispanic
Bronx,Bronx,12,12X595,P.S. 595,Elementary,Dual Language,Spanish,General Education,P.S. 595,2019-20,191,24,41,35,43,48,0,0,0,0,0,0,0,0,0,89,0.466,102,0.534,0,0.0,45,0.236,140,0.733,1,0.005,5,0.026,41,0.215,37,0.194,176,92.1%,93.4,% Hispanic
Bronx,Bronx,12,12X595,P.S. 595,Elementary,Dual Language,Spanish,Special Education,P.S. 595,2019-20,191,24,41,35,43,48,0,0,0,0,0,0,0,0,0,89,0.466,102,0.534,0,0.0,45,0.236,140,0.733,1,0.005,5,0.026,41,0.215,37,0.194,176,92.1%,93.4,% Hispanic
Brooklyn,Brooklyn North,13,13K003,P.S. 003 The Bedford Village,Elementary,Dual Language,French,General Education,P.S. 003 The Bedford Village,2019-20,302,34,38,42,54,48,41,45,0,0,0,0,0,0,0,137,0.454,165,0.546,32,0.106,217,0.719,29,0.096,15,0.05,9,0.03,59,0.195,21,0.07,267,88.4%,86.6,% Black
Brooklyn,Brooklyn North,13,13K009,Public School 9 The Sarah Smith Garnet School,Elementary,Dual Language,Spanish,General Education,P.S. 009 Teunis G. Bergen,2019-20,937,126,145,152,133,136,127,118,0,0,0,0,0,0,0,477,0.509,460,0.491,88,0.094,370,0.395,155,0.165,29,0.031,295,0.315,151,0.161,19,0.02,354,37.8%,38.1,% Black
Brooklyn,Brooklyn North,13,13K020,P.S. 020 Clinton Hill,Elementary,Dual Language,French,General Education,P.S. 020 Clinton Hill,2019-20,539,54,85,92,89,71,71,77,0,0,0,0,0,0,0,291,0.54,248,0.46,15,0.028,219,0.406,104,0.193,40,0.074,161,0.299,85,0.158,26,0.048,288,53.4%,48.0,% Black
Brooklyn,Brooklyn North,13,13K046,P.S. 046 Edward C. Blum,Elementary,Dual Language,Spanish,General Education,P.S. 046 Edward C. Blum,2019-20,251,52,27,29,32,29,44,38,0,0,0,0,0,0,0,121,0.482,130,0.518,4,0.016,116,0.462,110,0.438,11,0.044,10,0.04,71,0.283,33,0.131,210,83.7%,81.6,% Black
Brooklyn,Brooklyn North,13,13K054,P.S. 054 Samuel C. Barnes,Elementary,Dual Language,Spanish,General Education,P.S. 054 Samuel C. Barnes,2019-20,202,34,40,27,23,29,27,22,0,0,0,0,0,0,0,97,0.48,105,0.52,14,0.069,105,0.52,63,0.312,6,0.03,14,0.069,38,0.188,13,0.064,173,85.6%,82.0,% Black
Brooklyn,Brooklyn North,13,13K113,M.S. 113 Ronald Edmonds Learning Center,Junior High-Intermediate-Middle,Dual Language,Spanish,General Education,M.S. 113 Ronald Edmonds Learning Center,2019-20,333,0,0,0,0,0,0,0,100,126,107,0,0,0,0,166,0.498,167,0.502,20,0.06,218,0.655,81,0.243,7,0.021,7,0.021,100,0.3,12,0.036,299,89.8%,89.8,% Black
Brooklyn,Brooklyn North,13,13K133,P.S. 133 William A. Butler,Elementary,Dual Language,French,General Education,P.S. 133 William A. Butler,2019-20,726,50,117,129,105,109,102,114,0,0,0,0,0,0,0,364,0.501,362,0.499,28,0.039,184,0.253,245,0.337,58,0.08,211,0.291,117,0.161,43,0.059,254,35.0%,43.4,% Hispanic
Brooklyn,Brooklyn North,13,13K133,P.S. 133 William A. Butler,Elementary,Dual Language,Spanish,General Education,P.S. 133 William A. Butler,2019-20,726,50,117,129,105,109,102,114,0,0,0,0,0,0,0,364,0.501,362,0.499,28,0.039,184,0.253,245,0.337,58,0.08,211,0.291,117,0.161,43,0.059,254,35.0%,43.4,% Hispanic
Brooklyn,Brooklyn North,13,13K691,Fort Greene Preparatory Academy,Junior High-Intermediate-Middle,Dual Language,French,General Education,Fort Greene Preparatory Academy,2019-20,209,0,0,0,0,0,0,0,60,77,72,0,0,0,0,97,0.464,112,0.536,9,0.043,147,0.703,45,0.215,5,0.024,3,0.014,66,0.316,12,0.057,192,91.9%,88.3,% Black
Brooklyn,Brooklyn North,14,14K018,P.S. 018 Edward Bush,Elementary,Dual Language,Spanish,General Education,P.S. 018 Edward Bush,2019-20,184,15,22,33,34,29,26,25,0,0,0,0,0,0,0,79,0.429,105,0.571,1,0.005,43,0.234,122,0.663,0,0.0,18,0.098,73,0.397,25,0.136,153,83.2%,84.6,% Hispanic
Brooklyn,Brooklyn North,14,14K034,P.S. 034 Oliver H. Perry,Elementary,Dual Language,Polish,General Education,P.S. 034 Oliver H. Perry,2019-20,479,53,87,67,68,69,75,60,0,0,0,0,0,0,0,226,0.472,253,0.528,14,0.029,19,0.04,94,0.196,15,0.031,337,0.704,65,0.136,55,0.115,134,28.0%,35.5,% White
Brooklyn,Brooklyn North,14,14K050,J.H.S. 050 John D. Wells,Junior High-Intermediate-Middle,Dual Language,Spanish,General Education,J.H.S. 050 John D. Wells,2019-20,326,0,0,0,0,0,0,0,100,111,115,0,0,0,0,146,0.448,180,0.552,5,0.015,74,0.227,237,0.727,6,0.018,4,0.012,99,0.304,43,0.132,303,92.9%,87.7,% Hispanic
Brooklyn,Brooklyn North,14,14K059,P.S. 059 William Floyd,Elementary,Dual Language,Spanish,General Education,P.S. 059 William Floyd,2019-20,325,36,40,54,41,48,52,54,0,0,0,0,0,0,0,158,0.486,167,0.514,3,0.009,170,0.523,143,0.44,3,0.009,6,0.018,103,0.317,32,0.098,284,87.4%,92.4,% Black
Brooklyn,Brooklyn North,14,14K084,P.S. 084 Jose De Diego,K-8,Dual Language,Spanish,General Education,P.S. 084 Jose De Diego,2019-20,729,53,71,65,71,70,78,81,86,88,66,0,0,0,0,358,0.491,371,0.509,22,0.03,43,0.059,454,0.623,43,0.059,167,0.229,144,0.198,87,0.119,394,54.0%,58.1,% Hispanic
Brooklyn,Brooklyn North,14,14K110,P.S. 110 The Monitor,Elementary,Dual Language,French,General Education,P.S. 110 The Monitor,2019-20,594,82,101,88,93,83,77,70,0,0,0,0,0,0,0,294,0.495,300,0.505,36,0.061,9,0.015,102,0.172,29,0.049,418,0.704,45,0.076,43,0.072,148,24.9%,29.8,% White
Brooklyn,Brooklyn North,14,14K132,P.S. 132 The Conselyea School,Elementary,Dual Language,Italian,General Education,P.S. 132 The Conselyea School,2019-20,713,72,114,121,120,107,93,86,0,0,0,0,0,0,0,367,0.515,346,0.485,51,0.072,93,0.13,210,0.295,25,0.035,334,0.468,86,0.121,32,0.045,271,38.0%,48.4,% White
Brooklyn,Brooklyn North,14,14K147,P.S. 147 Isaac Remsen,Elementary,Dual Language,Japanese,General Education,P.S. 147 Isaac Remsen,2019-20,358,59,58,49,53,51,43,45,0,0,0,0,0,0,0,173,0.483,185,0.517,24,0.067,50,0.14,194,0.542,37,0.103,53,0.148,69,0.193,31,0.087,230,64.2%,70.1,% Hispanic
Brooklyn,Brooklyn North,14,14K157,P.S./I.S. 157 The Benjamin Franklin Health & Science Academy,K-8,Dual Language,Spanish,General Education,P.S./I.S. 157 The Benjamin Franklin Health & Scien,2019-20,399,22,26,31,31,35,33,48,43,61,69,0,0,0,0,183,0.459,216,0.541,1,0.003,74,0.185,310,0.777,2,0.005,12,0.03,116,0.291,67,0.168,332,83.2%,88.1,% Hispanic
Brooklyn,Brooklyn North,14,14K157,P.S./I.S. 157 The Benjamin Franklin Health & Science Academy,K-8,Dual Language,Spanish,Special Education,P.S./I.S. 157 The Benjamin Franklin Health & Scien,2019-20,399,22,26,31,31,35,33,48,43,61,69,0,0,0,0,183,0.459,216,0.541,1,0.003,74,0.185,310,0.777,2,0.005,12,0.03,116,0.291,67,0.168,332,83.2%,88.1,% Hispanic
Brooklyn,Brooklyn North,14,14K196,P.S. 196 Ten Eyck,Elementary,Dual Language,Spanish,General Education,P.S. 196 Ten Eyck,2019-20,309,40,51,33,41,51,38,55,0,0,0,0,0,0,0,173,0.56,136,0.44,3,0.01,58,0.188,230,0.744,10,0.032,8,0.026,71,0.23,33,0.107,257,83.2%,85.7,% Hispanic
Brooklyn,Brooklyn North,14,14K250,P.S. 250 George H. Lindsay,Elementary,Dual Language,Chinese,General Education,P.S. 250 George H. Lindsay,2019-20,407,30,56,53,66,61,64,76,1,0,0,0,0,0,0,195,0.479,212,0.521,71,0.174,58,0.143,274,0.673,3,0.007,1,0.002,68,0.167,44,0.108,330,81.1%,86.4,% Hispanic
Brooklyn,Brooklyn North,14,14K318,I.S. 318 Eugenio Maria De Hostos,Junior High-Intermediate-Middle,Dual Language,French,General Education,I.S. 318 Eugenio Maria De Hostos,2019-20,1267,0,0,0,0,0,0,0,435,434,398,0,0,0,0,647,0.511,620,0.489,95,0.075,216,0.17,674,0.532,20,0.016,262,0.207,235,0.185,61,0.048,812,64.1%,69.9,% Hispanic
Brooklyn,Brooklyn North,14,14K319,P.S. 319,Early Childhood,Dual Language,Spanish,General Education,P.S. 319,2019-20,125,41,44,40,0,0,0,0,0,0,0,0,0,0,0,58,0.464,67,0.536,3,0.024,2,0.016,99,0.792,0,0.0,21,0.168,15,0.12,27,0.216,76,60.8%,69.8,% Hispanic
Brooklyn,Brooklyn North,14,14K380,P.S. 380 John Wayne Elementary,Elementary,Dual Language,Spanish,General Education,P.S. 380 John Wayne Elementary,2019-20,534,41,68,83,80,87,83,92,0,0,0,0,0,0,0,247,0.463,287,0.537,6,0.011,106,0.199,354,0.663,2,0.004,66,0.124,156,0.292,106,0.199,440,82.4%,87.8,% Hispanic
Brooklyn,Brooklyn North,14,14K414,Brooklyn Arbor Elementary School,Elementary,Dual Language,Spanish,General Education,Brooklyn Arbor Elementary School,2019-20,610,36,70,75,118,97,119,95,0,0,0,0,0,0,0,292,0.479,318,0.521,22,0.036,12,0.02,358,0.587,26,0.043,192,0.315,131,0.215,52,0.085,303,49.7%,57.2,% Hispanic
Brooklyn,Brooklyn North,15,15K001,P.S. 001 The Bergen,Elementary,Dual Language,Spanish,General Education,P.S. 001 The Bergen,2019-20,1087,107,127,160,172,169,174,178,0,0,0,0,0,0,0,559,0.514,528,0.486,83,0.076,13,0.012,957,0.88,2,0.002,32,0.029,189,0.174,422,0.388,927,85.3%,88.5,% Hispanic
Brooklyn,Brooklyn North,15,15K015,P.S. 015 Patrick F. Daly,Elementary,Dual Language,Spanish,General Education,P.S. 015 Patrick F. Daly,2019-20,473,76,86,64,62,61,67,57,0,0,0,0,0,0,0,233,0.493,240,0.507,10,0.021,144,0.304,210,0.444,23,0.049,86,0.182,163,0.345,19,0.04,340,71.9%,76.6,% Hispanic
Brooklyn,Brooklyn North,15,15K024,P.S. 024,Elementary,Dual Language,Spanish,General Education,P.S. 024,2019-20,590,54,76,74,101,98,91,96,0,0,0,0,0,0,0,289,0.49,301,0.51,26,0.044,6,0.01,521,0.883,5,0.008,32,0.054,126,0.214,260,0.441,559,94.7%,88.5,% Hispanic
Brooklyn,Brooklyn North,15,15K024,P.S. 024,Elementary,Dual Language,Spanish,Special Education,P.S. 024,2019-20,590,54,76,74,101,98,91,96,0,0,0,0,0,0,0,289,0.49,301,0.51,26,0.044,6,0.01,521,0.883,5,0.008,32,0.054,126,0.214,260,0.441,559,94.7%,88.5,% Hispanic
Brooklyn,Brooklyn North,15,15K058,P.S. 058 The Carroll,Elementary,Dual Language,French,General Education,P.S. 058 The Carroll,2019-20,1002,54,153,180,152,163,153,147,0,0,0,0,0,0,0,482,0.481,520,0.519,43,0.043,22,0.022,109,0.109,92,0.092,736,0.735,141,0.141,48,0.048,112,11.2%,13.0,% White
Brooklyn,Brooklyn North,15,15K088,J.H.S. 088 Peter Rouget,Junior High-Intermediate-Middle,Dual Language,Spanish,General Education,J.H.S. 088 Peter Rouget,2019-20,1418,0,0,0,0,0,0,0,482,522,414,0,0,0,0,658,0.464,760,0.536,287,0.202,186,0.131,712,0.502,32,0.023,201,0.142,326,0.23,169,0.119,1022,72.1%,73.8,% Hispanic
Brooklyn,Brooklyn North,15,15K094,P.S. 094 The Henry Longfellow,Elementary,Dual Language,Chinese,General Education,P.S. 094 The Henry Longfellow,2019-20,1216,0,181,201,223,204,186,221,0,0,0,0,0,0,0,573,0.471,643,0.529,850,0.699,4,0.003,342,0.281,5,0.004,15,0.012,120,0.099,598,0.492,Above 95%,Above 95%,94.8,% Asian
Brooklyn,Brooklyn North,15,15K094,P.S. 094 The Henry Longfellow,Elementary,Dual Language,Chinese,Special Education,P.S. 094 The Henry Longfellow,2019-20,1216,0,181,201,223,204,186,221,0,0,0,0,0,0,0,573,0.471,643,0.529,850,0.699,4,0.003,342,0.281,5,0.004,15,0.012,120,0.099,598,0.492,Above 95%,Above 95%,94.8,% Asian
Brooklyn,Brooklyn North,15,15K094,P.S. 094 The Henry Longfellow,Elementary,Dual Language,Spanish,General Education,P.S. 094 The Henry Longfellow,2019-20,1216,0,181,201,223,204,186,221,0,0,0,0,0,0,0,573,0.471,643,0.529,850,0.699,4,0.003,342,0.281,5,0.004,15,0.012,120,0.099,598,0.492,Above 95%,Above 95%,94.8,% Asian
Brooklyn,Brooklyn North,15,15K094,P.S. 094 The Henry Longfellow,Elementary,Dual Language,Spanish,Special Education,P.S. 094 The Henry Longfellow,2019-20,1216,0,181,201,223,204,186,221,0,0,0,0,0,0,0,573,0.471,643,0.529,850,0.699,4,0.003,342,0.281,5,0.004,15,0.012,120,0.099,598,0.492,Above 95%,Above 95%,94.8,% Asian
Brooklyn,Brooklyn North,15,15K124,P.S. 124 Silas B. Dutcher,Elementary,Dual Language,Spanish,General Education,P.S. 124 Silas B. Dutcher,2019-20,282,44,46,38,45,40,32,37,0,0,0,0,0,0,0,149,0.528,133,0.472,37,0.131,13,0.046,159,0.564,17,0.06,56,0.199,58,0.206,25,0.089,175,62.1%,67.5,% Hispanic
Brooklyn,Brooklyn North,15,15K136,I.S. 136 Charles O. Dewey,Junior High-Intermediate-Middle,Dual Language,French,General Education,I.S. 136 Charles O. Dewey,2019-20,509,0,0,0,0,0,0,0,147,184,178,0,0,0,0,264,0.519,245,0.481,51,0.1,23,0.045,400,0.786,4,0.008,31,0.061,127,0.25,182,0.358,479,94.1%,88.9,% Hispanic
Brooklyn,Brooklyn North,15,15K136,I.S. 136 Charles O. Dewey,Junior High-Intermediate-Middle,Dual Language,Spanish,General Education,I.S. 136 Charles O. Dewey,2019-20,509,0,0,0,0,0,0,0,147,184,178,0,0,0,0,264,0.519,245,0.481,51,0.1,23,0.045,400,0.786,4,0.008,31,0.061,127,0.25,182,0.358,479,94.1%,88.9,% Hispanic
Brooklyn,Brooklyn North,15,15K136,I.S. 136 Charles O. Dewey,Junior High-Intermediate-Middle,Dual Language,Spanish,Special Education,I.S. 136 Charles O. Dewey,2019-20,509,0,0,0,0,0,0,0,147,184,178,0,0,0,0,264,0.519,245,0.481,51,0.1,23,0.045,400,0.786,4,0.008,31,0.061,127,0.25,182,0.358,479,94.1%,88.9,% Hispanic
Brooklyn,Brooklyn North,15,15K169,P.S. 169 Sunset Park,Elementary,Dual Language,Chinese,General Education,P.S. 169 Sunset Park,2019-20,1261,0,169,203,243,214,210,222,0,0,0,0,0,0,0,625,0.496,636,0.504,783,0.621,4,0.003,419,0.332,13,0.01,42,0.033,233,0.185,572,0.454,1152,91.4%,93.1,% Asian
Brooklyn,Brooklyn North,15,15K169,P.S. 169 Sunset Park,Elementary,Dual Language,Spanish,General Education,P.S. 169 Sunset Park,2019-20,1261,0,169,203,243,214,210,222,0,0,0,0,0,0,0,625,0.496,636,0.504,783,0.621,4,0.003,419,0.332,13,0.01,42,0.033,233,0.185,572,0.454,1152,91.4%,93.1,% Asian
Brooklyn,Brooklyn North,15,15K230,P.S. 230 Doris L. Cohen,Elementary,Dual Language,Spanish,General Education,P.S. 230 Doris L. Cohen,2019-20,1103,108,158,165,166,169,159,178,0,0,0,0,0,0,0,540,0.49,563,0.51,500,0.453,24,0.022,383,0.347,22,0.02,174,0.158,200,0.181,235,0.213,807,73.2%,76.7,% Asian
Brooklyn,Brooklyn North,15,15K497,The Boerum Hill School for International Studies,Secondary School,Dual Language,French,General Education,The Boerum Hill School for International Studies,2019-20,812,0,0,0,0,0,0,0,170,159,155,105,108,53,62,408,0.502,404,0.498,32,0.039,216,0.266,181,0.223,61,0.075,322,0.397,157,0.193,53,0.065,368,45.3%,47.8,% White
Brooklyn,Brooklyn North,15,15K516,Sunset Park Avenues Elementary School,Elementary,Dual Language,Spanish,General Education,Sunset Park Avenues Elementary School,2019-20,466,40,63,68,71,91,73,60,0,0,0,0,0,0,0,251,0.539,215,0.461,55,0.118,2,0.004,366,0.785,0,0.0,43,0.092,110,0.236,151,0.324,369,79.2%,81.7,% Hispanic
Brooklyn,Brooklyn North,15,15K667,Sunset Park High School,High school,Dual Language,Spanish,General Education,Sunset Park High School,2019-20,1239,0,0,0,0,0,0,0,0,0,0,361,321,287,270,573,0.462,666,0.538,139,0.112,86,0.069,901,0.727,13,0.01,100,0.081,225,0.182,253,0.204,1053,85.0%,88.1,% Hispanic
Brooklyn,Brooklyn North,15,15K667,Sunset Park High School,High school,Dual Language,Spanish,Special Education,Sunset Park High School,2019-20,1239,0,0,0,0,0,0,0,0,0,0,361,321,287,270,573,0.462,666,0.538,139,0.112,86,0.069,901,0.727,13,0.01,100,0.081,225,0.182,253,0.204,1053,85.0%,88.1,% Hispanic
Brooklyn,Brooklyn North,15,15K896,The School of Creativity and Innovation,Elementary,Dual Language,Chinese,General Education,The School of Creativity and Innovation,2019-20,101,18,64,19,0,0,0,0,0,0,0,0,0,0,0,44,0.436,57,0.564,62,0.614,0,0.0,32,0.317,1,0.01,6,0.059,16,0.158,44,0.436,90,89.1%,84.4,% Asian
Brooklyn,Brooklyn North,15,15K896,The School of Creativity and Innovation,Elementary,Dual Language,Spanish,General Education,The School of Creativity and Innovation,2019-20,101,18,64,19,0,0,0,0,0,0,0,0,0,0,0,44,0.436,57,0.564,62,0.614,0,0.0,32,0.317,1,0.01,6,0.059,16,0.158,44,0.436,90,89.1%,84.4,% Asian
Brooklyn,Brooklyn North,16,16K005,P.S. 005 Dr. Ronald McNair,Elementary,Dual Language,French,General Education,P.S. 005 Dr. Ronald McNair,2019-20,248,65,30,27,35,19,32,40,0,0,0,0,0,0,0,124,0.5,124,0.5,5,0.02,182,0.734,42,0.169,2,0.008,17,0.069,64,0.258,13,0.052,197,79.4%,81.6,% Black
Brooklyn,Brooklyn North,16,16K040,P.S. 040 George W. Carver,Elementary,Dual Language,Spanish,General Education,P.S. 040 George W. Carver,2019-20,396,83,55,50,46,51,56,55,0,0,0,0,0,0,0,188,0.475,208,0.525,18,0.045,271,0.684,81,0.205,18,0.045,8,0.02,68,0.172,39,0.098,339,85.6%,90.1,% Black
Brooklyn,Brooklyn North,16,16K627,Brighter Choice Community School,Elementary,Dual Language,Spanish,General Education,Brighter Choice Community School,2019-20,314,65,42,47,41,41,39,39,0,0,0,0,0,0,0,171,0.545,143,0.455,2,0.006,173,0.551,110,0.35,10,0.032,19,0.061,55,0.175,15,0.048,227,72.3%,74.8,% Black
Brooklyn,Brooklyn South,17,17K189,P.S. 189 The Bilingual Center,K-8,Dual Language,Haitian Creole,General Education,P.S. 189 The Bilingual Center,2019-20,1000,0,89,104,89,108,115,115,141,123,116,0,0,0,0,507,0.507,493,0.493,24,0.024,710,0.71,231,0.231,12,0.012,23,0.023,150,0.15,154,0.154,891,89.1%,82.8,% Black
Brooklyn,Brooklyn South,17,17K189,P.S. 189 The Bilingual Center,K-8,Dual Language,Spanish,General Education,P.S. 189 The Bilingual Center,2019-20,1000,0,89,104,89,108,115,115,141,123,116,0,0,0,0,507,0.507,493,0.493,24,0.024,710,0.71,231,0.231,12,0.012,23,0.023,150,0.15,154,0.154,891,89.1%,82.8,% Black
Brooklyn,Brooklyn South,17,17K249,P.S. 249 The Caton,Elementary,Dual Language,Spanish,General Education,P.S. 249 The Caton,2019-20,853,36,145,140,132,134,137,129,0,0,0,0,0,0,0,425,0.498,428,0.502,58,0.068,358,0.42,390,0.457,16,0.019,31,0.036,169,0.198,171,0.2,629,73.7%,77.0,% Hispanic
Brooklyn,Brooklyn South,17,17K316,P.S. 316 Elijah Stroud,Elementary,Dual Language,Spanish,General Education,P.S. 316 Elijah Stroud,2019-20,597,59,93,83,109,82,80,91,0,0,0,0,0,0,0,321,0.538,276,0.462,16,0.027,391,0.655,98,0.164,22,0.037,70,0.117,91,0.152,18,0.03,359,60.1%,59.4,% Black
Brooklyn,Brooklyn South,17,17K705,Brooklyn Arts and Science Elementary School,Elementary,Dual Language,Spanish,General Education,Brooklyn Arts and Science Elementary School,2019-20,321,36,46,45,53,50,49,42,0,0,0,0,0,0,0,153,0.477,168,0.523,17,0.053,130,0.405,100,0.312,8,0.025,66,0.206,74,0.231,39,0.121,219,68.2%,62.1,% Black
Brooklyn,Brooklyn North,19,19K007,P.S. 007 Abraham Lincoln,Elementary,Dual Language,Spanish,General Education,P.S. 007 Abraham Lincoln,2019-20,784,51,94,107,137,117,139,139,0,0,0,0,0,0,0,406,0.518,378,0.482,40,0.051,57,0.073,657,0.838,13,0.017,17,0.022,146,0.186,163,0.208,731,93.2%,85.7,% Hispanic
Brooklyn,Brooklyn North,19,19K089,P.S. 089 Cypress Hills,K-8,Dual Language,Spanish,General Education,P.S. 089 Cypress Hills,2019-20,490,33,40,47,44,47,48,42,64,61,64,0,0,0,0,247,0.504,243,0.496,2,0.004,13,0.027,473,0.965,2,0.004,0,0.0,115,0.235,200,0.408,458,93.5%,86.4,% Hispanic
Brooklyn,Brooklyn North,19,19K089,P.S. 089 Cypress Hills,K-8,Dual Language,Spanish,Special Education,P.S. 089 Cypress Hills,2019-20,490,33,40,47,44,47,48,42,64,61,64,0,0,0,0,247,0.504,243,0.496,2,0.004,13,0.027,473,0.965,2,0.004,0,0.0,115,0.235,200,0.408,458,93.5%,86.4,% Hispanic
Brooklyn,Brooklyn North,19,19K089,P.S. 089 Cypress Hills,K-8,Dual Language,Spanish,Special Education,P.S. 089 Cypress Hills,2019-20,490,33,40,47,44,47,48,42,64,61,64,0,0,0,0,247,0.504,243,0.496,2,0.004,13,0.027,473,0.965,2,0.004,0,0.0,115,0.235,200,0.408,458,93.5%,86.4,% Hispanic
Brooklyn,Brooklyn North,19,19K108,P.S. 108 Sal Abbracciamento,Elementary,Dual Language,Spanish,General Education,P.S. 108 Sal Abbracciamento,2019-20,901,100,139,125,137,134,131,135,0,0,0,0,0,0,0,438,0.486,463,0.514,43,0.048,75,0.083,745,0.827,25,0.028,13,0.014,209,0.232,88,0.098,760,84.4%,86.7,% Hispanic
Brooklyn,Brooklyn North,19,19K214,P.S. 214 Michael Friedsam,Elementary,Dual Language,Spanish,General Education,P.S. 214 Michael Friedsam,2019-20,865,98,128,130,131,129,130,119,0,0,0,0,0,0,0,422,0.488,443,0.512,462,0.534,89,0.103,265,0.306,15,0.017,34,0.039,126,0.146,122,0.141,703,81.3%,86.8,% Asian
Brooklyn,Brooklyn North,19,19K345,P.S. 345 Patrolman Robert Bolden,Elementary,Dual Language,Spanish,General Education,P.S. 345 Patrolman Robert Bolden,2019-20,577,64,93,89,70,83,94,84,0,0,0,0,0,0,0,288,0.499,289,0.501,39,0.068,175,0.303,343,0.594,10,0.017,10,0.017,88,0.153,88,0.153,488,84.6%,88.8,% Hispanic
Brooklyn,Brooklyn South,20,20K030,P.S./I.S. 30 Mary White Ovington,K-8,Dual Language,Arabic,General Education,P.S./I.S. 30 Mary White Ovington,2019-20,974,0,93,73,95,102,100,107,158,113,133,0,0,0,0,467,0.479,507,0.521,214,0.22,8,0.008,329,0.338,17,0.017,406,0.417,202,0.207,186,0.191,783,80.4%,77.5,% White
Brooklyn,Brooklyn South,20,20K112,P.S. 112 Lefferts Park,Elementary,Dual Language,Italian,General Education,P.S. 112 Lefferts Park,2019-20,727,18,124,116,129,121,119,100,0,0,0,0,0,0,0,326,0.448,401,0.552,270,0.371,7,0.01,264,0.363,2,0.003,184,0.253,128,0.176,149,0.205,496,68.2%,72.9,% Asian
Brooklyn,Brooklyn South,20,20K170,Ralph A. Fabrizio School,Elementary,Dual Language,Chinese,General Education,Ralph A. Fabrizio School,2019-20,1019,0,156,149,211,177,156,170,0,0,0,0,0,0,0,474,0.465,545,0.535,588,0.577,4,0.004,179,0.176,11,0.011,237,0.233,148,0.145,323,0.317,920,90.3%,82.2,% Asian
Brooklyn,Brooklyn South,20,20K200,P.S. 200 Benson School,Elementary,Dual Language,Russian,General Education,P.S. 200 Benson School,2019-20,1335,20,210,241,247,219,200,198,0,0,0,0,0,0,0,640,0.479,695,0.521,454,0.34,5,0.004,286,0.214,18,0.013,572,0.428,183,0.137,347,0.26,1111,83.2%,78.7,% White
Brooklyn,Brooklyn South,20,20K503,P.S. 503: The School of Discovery,Elementary,Dual Language,Spanish,General Education,P.S. 503: The School of Discovery,2019-20,941,0,137,147,154,159,178,166,0,0,0,0,0,0,0,474,0.504,467,0.496,184,0.196,5,0.005,697,0.741,4,0.004,51,0.054,228,0.242,510,0.542,882,93.7%,92.6,% Hispanic
Brooklyn,Brooklyn South,20,20K505,Franklin Delano Roosevelt High School,High school,Dual Language,Chinese,General Education,Franklin Delano Roosevelt High School,2019-20,3300,0,0,0,0,0,0,0,0,0,0,976,1042,582,700,1356,0.411,1944,0.589,1203,0.365,334,0.101,1192,0.361,39,0.012,532,0.161,499,0.151,947,0.287,2650,80.3%,86.6,% Asian
Brooklyn,Brooklyn South,20,20K506,P.S. 506: The School of Journalism & Technology,Elementary,Dual Language,Spanish,General Education,P.S. 506: The School of Journalism & Technology,2019-20,737,0,102,108,132,138,131,126,0,0,0,0,0,0,0,369,0.501,368,0.499,213,0.289,7,0.009,486,0.659,4,0.005,27,0.037,171,0.232,219,0.297,698,94.7%,92.3,% Hispanic
Brooklyn,Brooklyn South,21,21K090,P.S. 90 Edna Cohen School,Elementary,Dual Language,Spanish,General Education,P.S. 90 Edna Cohen School,2019-20,590,65,89,74,98,91,89,84,0,0,0,0,0,0,0,291,0.493,299,0.507,74,0.125,119,0.202,313,0.531,14,0.024,70,0.119,95,0.161,121,0.205,491,83.2%,89.2,% Hispanic
Brooklyn,Brooklyn South,21,21K101,P.S. 101 The Verrazano,Elementary,Dual Language,Chinese,General Education,P.S. 101 The Verrazano,2019-20,927,0,161,151,155,151,153,156,0,0,0,0,0,0,0,429,0.463,498,0.537,489,0.528,11,0.012,138,0.149,13,0.014,276,0.298,230,0.248,220,0.237,615,66.3%,69.1,% Asian
Brooklyn,Brooklyn South,21,21K225,P.S. K225 - The Eileen E. Zaglin,K-8,Dual Language,Spanish,General Education,P.S. K225 - The Eileen E. Zaglin,2019-20,1005,45,94,103,82,82,103,97,140,129,130,0,0,0,0,450,0.448,555,0.552,208,0.207,22,0.022,344,0.342,11,0.011,420,0.418,195,0.194,356,0.354,819,81.5%,85.2,% White
Brooklyn,Brooklyn South,21,21K228,I.S. 228 David A. Boody,Junior High-Intermediate-Middle,Dual Language,Chinese,General Education,I.S. 228 David A. Boody,2019-20,1498,0,0,0,0,0,0,0,503,514,481,0,0,0,0,685,0.457,813,0.543,452,0.302,72,0.048,335,0.224,16,0.011,623,0.416,218,0.146,185,0.123,1144,76.4%,70.8,% White
Brooklyn,Brooklyn South,21,21K228,I.S. 228 David A. Boody,Junior High-Intermediate-Middle,Dual Language,Russian,General Education,I.S. 228 David A. Boody,2019-20,1498,0,0,0,0,0,0,0,503,514,481,0,0,0,0,685,0.457,813,0.543,452,0.302,72,0.048,335,0.224,16,0.011,623,0.416,218,0.146,185,0.123,1144,76.4%,70.8,% White
Brooklyn,Brooklyn South,21,21K228,I.S. 228 David A. Boody,Junior High-Intermediate-Middle,Dual Language,Spanish,General Education,I.S. 228 David A. Boody,2019-20,1498,0,0,0,0,0,0,0,503,514,481,0,0,0,0,685,0.457,813,0.543,452,0.302,72,0.048,335,0.224,16,0.011,623,0.416,218,0.146,185,0.123,1144,76.4%,70.8,% White
Brooklyn,Brooklyn South,21,21K238,P.S. 238 Anne Sullivan,K-8,Dual Language,Spanish,Special Education,P.S. 238 Anne Sullivan,2019-20,605,63,71,56,76,55,69,49,51,61,54,0,0,0,0,306,0.506,299,0.494,135,0.223,15,0.025,293,0.484,7,0.012,155,0.256,124,0.205,243,0.402,513,84.8%,88.3,% Hispanic
Brooklyn,Brooklyn South,21,21K281,I.S. 281 Joseph B Cavallaro,Junior High-Intermediate-Middle,Dual Language,Chinese,General Education,I.S. 281 Joseph B Cavallaro,2019-20,1259,0,0,0,0,0,0,0,408,413,438,0,0,0,0,603,0.479,656,0.521,517,0.411,83,0.066,297,0.236,8,0.006,354,0.281,232,0.184,215,0.171,1050,83.4%,77.4,% Asian
Brooklyn,Brooklyn South,22,22K139,P.S. 139 Alexine A. Fenty,Elementary,Dual Language,Spanish,General Education,P.S. 139 Alexine A. Fenty,2019-20,896,72,128,132,150,146,135,133,0,0,0,0,0,0,0,432,0.482,464,0.518,162,0.181,199,0.222,382,0.426,41,0.046,112,0.125,150,0.167,123,0.137,675,75.3%,72.9,% Hispanic
Brooklyn,Brooklyn South,22,22K206,P.S. 206 Joseph F Lamb,K-8,Dual Language,Russian,General Education,P.S. 206 Joseph F Lamb,2019-20,1529,0,158,185,178,184,172,226,149,143,134,0,0,0,0,777,0.508,752,0.492,708,0.463,25,0.016,158,0.103,28,0.018,610,0.399,189,0.124,370,0.242,1051,68.7%,62.6,% Asian
Queens,Queens North,24,24Q005,I.S. 5 - The Walter Crowley Intermediate School,Junior High-Intermediate-Middle,Dual Language,Spanish,General Education,I.S. 5 - The Walter Crowley Intermediate School,2019-20,1755,0,0,0,0,0,0,0,570,605,580,0,0,0,0,818,0.466,937,0.534,686,0.391,28,0.016,992,0.565,10,0.006,39,0.022,332,0.189,314,0.179,1376,78.4%,78.7,% Hispanic
Queens,Queens North,24,24Q007,P.S. 007 Louis F. Simeone,Elementary,Dual Language,Chinese,General Education,P.S. 007 Louis F. Simeone,2019-20,1342,51,223,204,227,208,220,209,0,0,0,0,0,0,0,654,0.487,688,0.513,839,0.625,8,0.006,435,0.324,13,0.01,47,0.035,180,0.134,513,0.382,1115,83.1%,76.7,% Asian
Queens,Queens North,24,24Q007,P.S. 007 Louis F. Simeone,Elementary,Dual Language,Spanish,General Education,P.S. 007 Louis F. Simeone,2019-20,1342,51,223,204,227,208,220,209,0,0,0,0,0,0,0,654,0.487,688,0.513,839,0.625,8,0.006,435,0.324,13,0.01,47,0.035,180,0.134,513,0.382,1115,83.1%,76.7,% Asian
Queens,Queens North,24,24Q013,P.S. 013 Clement C. Moore,Elementary,Dual Language,Chinese,General Education,P.S. 013 Clement C. Moore,2019-20,1391,0,220,222,225,247,245,232,0,0,0,0,0,0,0,718,0.516,673,0.484,411,0.295,111,0.08,784,0.564,17,0.012,68,0.049,205,0.147,385,0.277,1065,76.6%,79.4,% Hispanic
Queens,Queens North,24,24Q013,P.S. 013 Clement C. Moore,Elementary,Dual Language,Spanish,General Education,P.S. 013 Clement C. Moore,2019-20,1391,0,220,222,225,247,245,232,0,0,0,0,0,0,0,718,0.516,673,0.484,411,0.295,111,0.08,784,0.564,17,0.012,68,0.049,205,0.147,385,0.277,1065,76.6%,79.4,% Hispanic
Queens,Queens North,24,24Q016,P.S. Q016 The Nancy DeBenedittis School,Elementary,Dual Language,Spanish,General Education,P.S. Q016 The Nancy DeBenedittis School,2019-20,1410,0,161,168,186,294,341,260,0,0,0,0,0,0,0,715,0.507,695,0.493,92,0.065,0,0.0,1290,0.915,7,0.005,21,0.015,246,0.174,618,0.438,1245,88.3%,90.0,% Hispanic
Queens,Queens North,24,24Q019,P.S. 019 Marino Jeantet,Elementary,Dual Language,Spanish,General Education,P.S. 019 Marino Jeantet,2019-20,1846,72,261,322,304,289,297,301,0,0,0,0,0,0,0,907,0.491,939,0.509,94,0.051,4,0.002,1735,0.94,1,0.001,12,0.007,382,0.207,964,0.522,1641,88.9%,88.0,% Hispanic
Queens,Queens North,24,24Q019,P.S. 019 Marino Jeantet,Elementary,Dual Language,Spanish,Special Education,P.S. 019 Marino Jeantet,2019-20,1846,72,261,322,304,289,297,301,0,0,0,0,0,0,0,907,0.491,939,0.509,94,0.051,4,0.002,1735,0.94,1,0.001,12,0.007,382,0.207,964,0.522,1641,88.9%,88.0,% Hispanic
Queens,Queens North,24,24Q061,I.S. 061 Leonardo Da Vinci,Junior High-Intermediate-Middle,Dual Language,Spanish,General Education,I.S. 061 Leonardo Da Vinci,2019-20,2265,0,0,0,0,0,0,0,754,735,776,0,0,0,0,1062,0.469,1203,0.531,113,0.05,46,0.02,2056,0.908,10,0.004,40,0.018,507,0.224,701,0.309,2092,92.4%,88.2,% Hispanic
Queens,Queens North,24,24Q071,P.S. 071 Forest,Elementary,Dual Language,Polish,General Education,P.S. 071 Forest,2019-20,671,59,100,119,116,89,103,85,0,0,0,0,0,0,0,326,0.486,345,0.514,36,0.054,8,0.012,370,0.551,32,0.048,225,0.335,124,0.185,113,0.168,562,83.8%,70.8,% Hispanic
Queens,Queens North,24,24Q073,I.S. 73 - The Frank Sansivieri Intermediate School,Junior High-Intermediate-Middle,Dual Language,Spanish,General Education,I.S. 73 - The Frank Sansivieri Intermediate School,2019-20,2007,0,0,0,0,0,0,0,537,784,686,0,0,0,0,979,0.488,1028,0.512,554,0.276,24,0.012,1187,0.591,12,0.006,230,0.115,378,0.188,265,0.132,1383,68.9%,69.8,% Hispanic
Queens,Queens North,24,24Q077,I.S. 077,Junior High-Intermediate-Middle,Dual Language,Spanish,General Education,I.S. 077,2019-20,875,0,0,0,0,0,0,0,253,291,331,0,0,0,0,416,0.475,459,0.525,86,0.098,16,0.018,689,0.787,3,0.003,81,0.093,250,0.286,186,0.213,774,88.5%,80.6,% Hispanic
Queens,Queens North,24,24Q081,P.S. 81Q Jean Paul Richter,Elementary,Dual Language,Spanish,Special Education,P.S. 81Q Jean Paul Richter,2019-20,625,54,85,88,106,96,95,101,0,0,0,0,0,0,0,295,0.472,330,0.528,31,0.05,12,0.019,529,0.846,8,0.013,45,0.072,153,0.245,175,0.28,501,80.2%,84.4,% Hispanic
Queens,Queens North,24,24Q089,P.S. 089 Elmhurst,Elementary,Dual Language,Spanish,General Education,P.S. 089 Elmhurst,2019-20,1707,0,251,252,277,295,318,314,0,0,0,0,0,0,0,845,0.495,862,0.505,385,0.226,3,0.002,1275,0.747,10,0.006,34,0.02,293,0.172,740,0.434,1384,81.1%,82.8,% Hispanic
Queens,Queens North,24,24Q102,P.S. 102 Bayview,K-8,Dual Language,Chinese,General Education,P.S. 102 Bayview,2019-20,1279,36,121,136,130,126,126,156,161,143,144,0,0,0,0,620,0.485,659,0.515,777,0.608,39,0.03,408,0.319,18,0.014,37,0.029,166,0.13,188,0.147,1042,81.5%,72.7,% Asian
Queens,Queens North,24,24Q110,P.S. 110,Elementary,Dual Language,Spanish,General Education,P.S. 110,2019-20,980,0,159,164,170,177,191,119,0,0,0,0,0,0,0,495,0.505,485,0.495,81,0.083,2,0.002,888,0.906,3,0.003,6,0.006,179,0.183,356,0.363,896,91.4%,88.9,% Hispanic
Queens,Queens North,24,24Q143,P.S. 143 Louis Armstrong,Elementary,Dual Language,Spanish,General Education,P.S. 143 Louis Armstrong,2019-20,1276,0,206,216,187,218,246,203,0,0,0,0,0,0,0,643,0.504,633,0.496,37,0.029,16,0.013,1202,0.942,9,0.007,12,0.009,288,0.226,768,0.602,1181,92.6%,88.1,% Hispanic
Queens,Queens North,24,24Q143,P.S. 143 Louis Armstrong,Elementary,Dual Language,Spanish,Special Education,P.S. 143 Louis Armstrong,2019-20,1276,0,206,216,187,218,246,203,0,0,0,0,0,0,0,643,0.504,633,0.496,37,0.029,16,0.013,1202,0.942,9,0.007,12,0.009,288,0.226,768,0.602,1181,92.6%,88.1,% Hispanic
Queens,Queens North,24,24Q211,Elm Tree Elementary School,Elementary,Dual Language,Spanish,General Education,Elm Tree Elementary School,2019-20,658,35,190,163,85,72,64,49,0,0,0,0,0,0,0,335,0.509,323,0.491,46,0.07,31,0.047,557,0.847,3,0.005,21,0.032,138,0.21,287,0.436,606,92.1%,87.6,% Hispanic
Queens,Queens North,24,24Q211,Elm Tree Elementary School,Elementary,Dual Language,Spanish,Special Education,Elm Tree Elementary School,2019-20,658,35,190,163,85,72,64,49,0,0,0,0,0,0,0,335,0.509,323,0.491,46,0.07,31,0.047,557,0.847,3,0.005,21,0.032,138,0.21,287,0.436,606,92.1%,87.6,% Hispanic
Queens,Queens North,24,24Q311,Corona Arts & Sciences Academy,Junior High-Intermediate-Middle,Dual Language,Spanish,General Education,Corona Arts & Sciences Academy,2019-20,762,0,0,0,0,0,0,0,263,187,312,0,0,0,0,388,0.509,374,0.491,10,0.013,12,0.016,736,0.966,2,0.003,2,0.003,165,0.217,183,0.24,Above 95%,Above 95%,90.3,% Hispanic
Queens,Queens North,24,24Q330,Helen M. Marshall School,Elementary,Dual Language,Spanish,General Education,Helen M. Marshall School,2019-20,491,0,77,82,81,61,68,122,0,0,0,0,0,0,0,244,0.497,247,0.503,25,0.051,17,0.035,444,0.904,3,0.006,2,0.004,103,0.21,160,0.326,459,93.5%,86.9,% Hispanic
Queens,Queens North,25,25Q020,P.S. 020 John Bowne,Elementary,Dual Language,Chinese,General Education,P.S. 020 John Bowne,2019-20,1190,96,174,163,210,201,169,177,0,0,0,0,0,0,0,576,0.484,614,0.516,851,0.715,44,0.037,254,0.213,10,0.008,31,0.026,160,0.134,385,0.324,1071,90.0%,82.6,% Asian
Queens,Queens North,25,25Q021,P.S. 021 Edward Hart,Elementary,Dual Language,Chinese,General Education,P.S. 021 Edward Hart,2019-20,1332,89,199,188,202,215,200,239,0,0,0,0,0,0,0,665,0.499,667,0.501,829,0.622,16,0.012,400,0.3,21,0.016,66,0.05,162,0.122,310,0.233,1010,75.8%,69.2,% Asian
Queens,Queens North,25,25Q032,P.S. 032 State Street,Elementary,Dual Language,Korean,General Education,P.S. 032 State Street,2019-20,1026,35,176,170,153,172,153,167,0,0,0,0,0,0,0,514,0.501,512,0.499,688,0.671,6,0.006,207,0.202,29,0.028,96,0.094,124,0.121,139,0.135,678,66.1%,57.4,% Asian
Queens,Queens North,25,25Q107,P.S. 107 Thomas A Dooley,Elementary,Dual Language,Spanish,General Education,P.S. 107 Thomas A Dooley,2019-20,936,72,168,138,153,132,140,133,0,0,0,0,0,0,0,443,0.473,493,0.527,496,0.53,14,0.015,325,0.347,11,0.012,90,0.096,142,0.152,236,0.252,695,74.3%,64.3,% Asian
Queens,Queens North,25,25Q163,P.S. 163 Flushing Heights,Elementary,Dual Language,Chinese,General Education,P.S. 163 Flushing Heights,2019-20,807,70,119,126,132,128,121,111,0,0,0,0,0,0,0,369,0.457,438,0.543,652,0.808,11,0.014,120,0.149,14,0.017,10,0.012,102,0.126,308,0.382,645,79.9%,69.0,% Asian
Queens,Queens North,25,25Q189,J.H.S. 189 Daniel Carter Beard,Junior High-Intermediate-Middle,Dual Language,Chinese,General Education,J.H.S. 189 Daniel Carter Beard,2019-20,735,0,0,0,0,0,0,0,236,240,259,0,0,0,0,365,0.497,370,0.503,463,0.63,23,0.031,233,0.317,3,0.004,13,0.018,136,0.185,162,0.22,625,85.0%,80.8,% Asian
Queens,Queens North,26,26Q162,P.S. 162 John Golden,Elementary,Dual Language,Chinese,General Education,P.S. 162 John Golden,2019-20,649,18,98,98,99,111,99,126,0,0,0,0,0,0,0,305,0.47,344,0.53,475,0.732,11,0.017,63,0.097,18,0.028,82,0.126,102,0.157,161,0.248,379,58.4%,48.0,% Asian
Queens,Queens North,26,26Q173,P.S. 173 Fresh Meadows,Elementary,Dual Language,Chinese,General Education,P.S. 173 Fresh Meadows,2019-20,956,36,152,149,141,147,169,162,0,0,0,0,0,0,0,455,0.476,501,0.524,580,0.607,17,0.018,105,0.11,18,0.019,236,0.247,141,0.147,88,0.092,531,55.5%,50.6,% Asian
Queens,Queens South,27,27Q137,M.S. 137 America's School of Heroes,Junior High-Intermediate-Middle,Dual Language,Spanish,General Education,M.S. 137 America's School of Heroes,2019-20,1958,0,0,0,0,0,0,0,665,669,624,0,0,0,0,925,0.472,1033,0.528,1048,0.535,84,0.043,726,0.371,38,0.019,62,0.032,303,0.155,174,0.089,1622,82.8%,70.9,% Asian
Queens,Queens South,27,27Q197,P.S. 197 The Ocean School,Elementary,Dual Language,Spanish,General Education,P.S. 197 The Ocean School,2019-20,519,89,67,78,67,67,56,95,0,0,0,0,0,0,0,225,0.434,294,0.566,6,0.012,229,0.441,259,0.499,10,0.019,15,0.029,107,0.206,93,0.179,453,87.3%,84.3,% Hispanic
Queens,Queens South,27,27Q253,P.S. 253,Elementary,Dual Language,Spanish,Special Education,P.S. 253,2019-20,548,45,74,80,85,73,95,96,0,0,0,0,0,0,0,285,0.52,263,0.48,22,0.04,131,0.239,375,0.684,12,0.022,8,0.015,135,0.246,173,0.316,Above 95%,Above 95%,90.0,% Hispanic
Queens,Queens South,28,28Q082,P.S. 082 Hammond,Elementary,Dual Language,Spanish,General Education,P.S. 082 Hammond,2019-20,612,0,90,101,108,106,103,104,0,0,0,0,0,0,0,300,0.49,312,0.51,144,0.235,32,0.052,407,0.665,20,0.033,9,0.015,106,0.173,199,0.325,490,80.1%,85.2,% Hispanic
Queens,Queens South,28,28Q086,P.S. Q086,Elementary,Dual Language,Spanish,General Education,P.S. Q086,2019-20,774,36,131,123,112,108,112,152,0,0,0,0,0,0,0,373,0.482,401,0.518,437,0.565,44,0.057,248,0.32,27,0.035,18,0.023,104,0.134,216,0.279,612,79.1%,82.4,% Asian
Queens,Queens South,28,28Q440,Forest Hills High School,High school,Dual Language,Spanish,General Education,Forest Hills High School,2019-20,3705,0,0,0,0,0,0,0,0,0,0,1028,916,906,855,1883,0.508,1822,0.492,898,0.242,246,0.066,1359,0.367,134,0.036,1068,0.288,626,0.169,334,0.09,2787,75.2%,60.9,% Hispanic
Queens,Queens South,29,29Q095,P.S. 095 Eastwood,Elementary,Dual Language,Spanish,General Education,P.S. 095 Eastwood,2019-20,1435,0,231,231,232,240,245,256,0,0,0,0,0,0,0,727,0.507,708,0.493,596,0.415,149,0.104,586,0.408,85,0.059,19,0.013,174,0.121,308,0.215,1052,73.3%,77.4,% Asian
Queens,Queens North,30,30Q017,P.S. 017 Henry David Thoreau,Elementary,Dual Language,Spanish,General Education,P.S. 017 Henry David Thoreau,2019-20,591,54,114,107,73,84,83,76,0,0,0,0,0,0,0,292,0.494,299,0.506,79,0.134,55,0.093,309,0.523,30,0.051,118,0.2,118,0.2,142,0.24,423,71.6%,76.1,% Hispanic
Queens,Queens North,30,30Q076,P.S. 076 William Hallet,Elementary,Dual Language,Spanish,General Education,P.S. 076 William Hallet,2019-20,421,36,63,60,64,64,67,67,0,0,0,0,0,0,0,210,0.499,211,0.501,34,0.081,122,0.29,211,0.501,7,0.017,47,0.112,136,0.323,60,0.143,340,80.8%,86.5,% Hispanic
Queens,Queens North,30,30Q092,P.S. 092 Harry T. Stewart Sr.,Elementary,Dual Language,Spanish,General Education,P.S. 092 Harry T. Stewart Sr.,2019-20,898,87,130,136,135,143,137,130,0,0,0,0,0,0,0,444,0.494,454,0.506,9,0.01,4,0.004,877,0.977,3,0.003,5,0.006,170,0.189,221,0.246,746,83.1%,83.1,% Hispanic
Queens,Queens North,30,30Q112,P.S. 112 Dutch Kills,Elementary,Dual Language,Spanish,General Education,P.S. 112 Dutch Kills,2019-20,412,46,64,53,54,64,73,58,0,0,0,0,0,0,0,216,0.524,196,0.476,120,0.291,93,0.226,152,0.369,10,0.024,37,0.09,59,0.143,53,0.129,345,83.7%,87.6,% Hispanic
Queens,Queens North,30,30Q127,P.S. 127 Aerospace Science Magnet School,K-8,Dual Language,Spanish,General Education,P.S. 127 Aerospace Science Magnet School,2019-20,1212,40,133,102,129,109,142,112,125,170,150,0,0,0,0,586,0.483,626,0.517,141,0.116,126,0.104,907,0.748,7,0.006,31,0.026,198,0.163,344,0.284,1021,84.2%,77.4,% Hispanic
Queens,Queens North,30,30Q145,I.S. 145 Joseph Pulitzer,Junior High-Intermediate-Middle,Dual Language,Spanish,General Education,I.S. 145 Joseph Pulitzer,2019-20,1660,0,0,0,0,0,0,0,556,587,517,0,0,0,0,815,0.491,845,0.509,115,0.069,23,0.014,1489,0.897,3,0.002,30,0.018,229,0.138,260,0.157,1495,90.1%,82.4,% Hispanic
Queens,Queens North,30,30Q149,P.S. 149 Christa McAuliffe,Elementary,Dual Language,Spanish,General Education,P.S. 149 Christa McAuliffe,2019-20,940,0,112,109,125,202,201,191,0,0,0,0,0,0,0,474,0.504,466,0.496,88,0.094,11,0.012,803,0.854,12,0.013,26,0.028,177,0.188,341,0.363,747,79.5%,81.4,% Hispanic
Queens,Queens North,30,30Q150,P.S. 150 Queens,Elementary,Dual Language,Spanish,General Education,P.S. 150 Queens,2019-20,1014,49,161,136,139,149,148,160,72,0,0,0,0,0,0,527,0.52,487,0.48,261,0.257,11,0.011,456,0.45,45,0.044,241,0.238,125,0.123,151,0.149,523,51.6%,58.0,% Hispanic
Queens,Queens North,30,30Q166,P.S. 166 Henry Gradstein,Elementary,Dual Language,Spanish,General Education,P.S. 166 Henry Gradstein,2019-20,947,33,155,164,146,150,147,152,0,0,0,0,0,0,0,478,0.505,469,0.495,206,0.218,32,0.034,400,0.422,45,0.048,264,0.279,115,0.121,135,0.143,575,60.7%,58.8,% Hispanic
Queens,Queens North,30,30Q204,I.S. 204 Oliver W. Holmes,Junior High-Intermediate-Middle,Dual Language,Spanish,General Education,I.S. 204 Oliver W. Holmes,2019-20,445,0,0,0,0,0,0,0,154,123,168,0,0,0,0,210,0.472,235,0.528,73,0.164,86,0.193,246,0.553,5,0.011,35,0.079,122,0.274,66,0.148,395,88.8%,89.1,% Hispanic
Queens,Queens North,30,30Q204,I.S. 204 Oliver W. Holmes,Junior High-Intermediate-Middle,Dual Language,Spanish,Special Education,I.S. 204 Oliver W. Holmes,2019-20,445,0,0,0,0,0,0,0,154,123,168,0,0,0,0,210,0.472,235,0.528,73,0.164,86,0.193,246,0.553,5,0.011,35,0.079,122,0.274,66,0.148,395,88.8%,89.1,% Hispanic
Queens,Queens North,30,30Q212,P.S. 212,Elementary,Dual Language,Spanish,General Education,P.S. 212,2019-20,757,36,98,111,123,135,149,105,0,0,0,0,0,0,0,375,0.495,382,0.505,176,0.232,7,0.009,469,0.62,24,0.032,81,0.107,121,0.16,121,0.16,426,56.3%,61.5,% Hispanic
Queens,Queens North,30,30Q222,P.S. Q222 - Fire Fighter Christopher A. Santora School,Early Childhood,Dual Language,Spanish,General Education,P.S. Q222 - Fire Fighter Christopher A. Santora Sc,2019-20,276,36,83,85,72,0,0,0,0,0,0,0,0,0,0,143,0.518,133,0.482,30,0.109,3,0.011,191,0.692,15,0.054,37,0.134,31,0.112,64,0.232,176,63.8%,52.1,% Hispanic
Queens,Queens North,30,30Q228,The Ivan Lafayette Early Childhood School of the Arts,Early Childhood,Dual Language,Spanish,General Education,The Ivan Lafayette Early Childhood School of the A,2019-20,290,34,80,99,77,0,0,0,0,0,0,0,0,0,0,147,0.507,143,0.493,22,0.076,2,0.007,250,0.862,4,0.014,12,0.041,60,0.207,129,0.445,233,80.3%,76.6,% Hispanic
Queens,Queens North,30,30Q228,The Ivan Lafayette Early Childhood School of the Arts,Early Childhood,Dual Language,Spanish,Special Education,The Ivan Lafayette Early Childhood School of the A,2019-20,290,34,80,99,77,0,0,0,0,0,0,0,0,0,0,147,0.507,143,0.493,22,0.076,2,0.007,250,0.862,4,0.014,12,0.041,60,0.207,129,0.445,233,80.3%,76.6,% Hispanic
Queens,Queens North,30,30Q280,P.S. 280,Elementary,Dual Language,Spanish,General Education,P.S. 280,2019-20,575,0,67,85,94,115,120,94,0,0,0,0,0,0,0,283,0.492,292,0.508,42,0.073,3,0.005,518,0.901,6,0.01,6,0.01,96,0.167,197,0.343,543,94.4%,83.8,% Hispanic
Queens,Queens North,30,30Q329,East Elmhurst Community School,Elementary,Dual Language,Spanish,General Education,East Elmhurst Community School,2019-20,448,0,75,80,78,92,58,65,0,0,0,0,0,0,0,210,0.469,238,0.531,18,0.04,24,0.054,387,0.864,6,0.013,13,0.029,81,0.181,136,0.304,410,91.5%,83.7,% Hispanic
Queens,Queens North,30,30Q398,The Hector Figueroa School,Elementary,Dual Language,Spanish,General Education,P.S. 398,2019-20,124,58,66,0,0,0,0,0,0,0,0,0,0,0,0,58,0.468,66,0.532,49,0.395,1,0.008,57,0.46,6,0.048,11,0.089,6,0.048,26,0.21,81,65.3%,57.5,% Hispanic
Queens,Queens North,30,30Q450,Long Island City High School,High school,Dual Language,Spanish,General Education,Long Island City High School,2019-20,2204,0,0,0,0,0,0,0,0,0,0,823,557,418,406,1100,0.499,1104,0.501,314,0.142,197,0.089,1509,0.685,43,0.02,141,0.064,377,0.171,231,0.105,1822,82.7%,82.0,% Hispanic
Staten Island,Staten Island,31,31R016,P.S. 016 John J. Driscoll,Elementary,Dual Language,Spanish,General Education,P.S. 016 John J. Driscoll,2019-20,445,52,61,75,65,60,66,66,0,0,0,0,0,0,0,228,0.512,217,0.488,31,0.07,127,0.285,249,0.56,11,0.025,27,0.061,124,0.279,123,0.276,Above 95%,Above 95%,91.8,% Hispanic
Staten Island,Staten Island,31,31R019,P.S. 019 The Curtis School,Elementary,Dual Language,Spanish,General Education,P.S. 019 The Curtis School,2019-20,560,66,65,79,77,95,93,85,0,0,0,0,0,0,0,279,0.498,281,0.502,37,0.066,66,0.118,405,0.723,18,0.032,34,0.061,160,0.286,85,0.152,487,87.0%,83.9,% Hispanic
Staten Island,Staten Island,31,31R020,P.S. 020 Port Richmond,Elementary,Dual Language,Spanish,Special Education,P.S. 020 Port Richmond,2019-20,420,0,63,67,81,69,75,65,0,0,0,0,0,0,0,196,0.467,224,0.533,6,0.014,70,0.167,310,0.738,11,0.026,23,0.055,170,0.405,170,0.405,399,95.0%,92.8,% Hispanic
Staten Island,Staten Island,31,31R022,P.S. 022 Graniteville,Elementary,Dual Language,Spanish,General Education,P.S. 022 Graniteville,2019-20,925,66,121,133,150,111,167,177,0,0,0,0,0,0,0,461,0.498,464,0.502,75,0.081,191,0.206,564,0.61,23,0.025,72,0.078,274,0.296,155,0.168,783,84.6%,80.3,% Hispanic
Staten Island,Staten Island,31,31R041,The Stephanie A. Vierno School,Elementary,Dual Language,Spanish,General Education,The Stephanie A. Vierno School,2019-20,698,51,96,109,95,118,120,109,0,0,0,0,0,0,0,339,0.486,359,0.514,121,0.173,23,0.033,225,0.322,19,0.027,310,0.444,153,0.219,120,0.172,479,68.6%,59.5,% White
Staten Island,Staten Island,31,31R044,P.S. 044 Thomas C. Brown,Elementary,Dual Language,Spanish,General Education,P.S. 044 Thomas C. Brown,2019-20,698,78,99,91,106,105,112,107,0,0,0,0,0,0,0,354,0.507,344,0.493,34,0.049,282,0.404,322,0.461,37,0.053,23,0.033,227,0.325,55,0.079,663,95.0%,92.8,% Hispanic
Staten Island,Staten Island,31,31R051,I.S. 051 Edwin Markham,Junior High-Intermediate-Middle,Dual Language,Spanish,General Education,I.S. 051 Edwin Markham,2019-20,1313,0,0,0,0,0,0,0,454,442,417,0,0,0,0,656,0.5,657,0.5,73,0.056,284,0.216,656,0.5,29,0.022,271,0.206,382,0.291,104,0.079,1042,79.4%,75.1,% Hispanic
Staten Island,Staten Island,31,31R061,I.S. 061 William A Morris,Junior High-Intermediate-Middle,Dual Language,Spanish,Special Education,I.S. 061 William A Morris,2019-20,976,0,0,0,0,0,0,0,338,325,313,0,0,0,0,522,0.535,454,0.465,30,0.031,324,0.332,476,0.488,18,0.018,128,0.131,294,0.301,106,0.109,786,80.5%,80.5,% Hispanic
Brooklyn,Brooklyn North,32,32K086,P.S. 086 The Irvington,Elementary,Dual Language,Spanish,General Education,P.S. 086 The Irvington,2019-20,419,0,72,63,61,70,83,70,0,0,0,0,0,0,0,211,0.504,208,0.496,6,0.014,3,0.007,401,0.957,2,0.005,7,0.017,90,0.215,148,0.353,397,94.7%,89.9,% Hispanic
Brooklyn,Brooklyn North,32,32K106,P.S. 106 Edward Everett Hale,Elementary,Dual Language,Spanish,General Education,P.S. 106 Edward Everett Hale,2019-20,397,48,44,46,62,62,69,66,0,0,0,0,0,0,0,177,0.446,220,0.554,4,0.01,38,0.096,349,0.879,3,0.008,3,0.008,106,0.267,126,0.317,360,90.7%,83.9,% Hispanic
Brooklyn,Brooklyn North,32,32K116,P.S. 116 Elizabeth L Farrell,Elementary,Dual Language,Spanish,General Education,P.S. 116 Elizabeth L Farrell,2019-20,340,14,42,54,50,47,61,72,0,0,0,0,0,0,0,163,0.479,177,0.521,5,0.015,11,0.032,318,0.935,3,0.009,3,0.009,73,0.215,126,0.371,300,88.2%,91.1,% Hispanic
Brooklyn,Brooklyn North,32,32K123,P.S. 123 Suydam,Elementary,Dual Language,Spanish,General Education,P.S. 123 Suydam,2019-20,598,47,67,86,82,77,114,125,0,0,0,0,0,0,0,290,0.485,308,0.515,31,0.052,11,0.018,536,0.896,7,0.012,13,0.022,94,0.157,194,0.324,521,87.1%,84.0,% Hispanic
Brooklyn,Brooklyn North,32,32K145,P.S. 145 Andrew Jackson,Elementary,Dual Language,Spanish,General Education,P.S. 145 Andrew Jackson,2019-20,501,48,66,74,87,67,73,86,0,0,0,0,0,0,0,239,0.477,262,0.523,3,0.006,32,0.064,450,0.898,4,0.008,12,0.024,96,0.192,89,0.178,444,88.6%,92.1,% Hispanic
Brooklyn,Brooklyn North,32,32K151,P.S. 151 Lyndon B. Johnson,Elementary,Dual Language,Spanish,General Education,P.S. 151 Lyndon B. Johnson,2019-20,326,51,49,45,35,50,46,50,0,0,0,0,0,0,0,141,0.433,185,0.567,3,0.009,38,0.117,273,0.837,3,0.009,9,0.028,56,0.172,91,0.279,296,90.8%,90.9,% Hispanic
Brooklyn,Brooklyn North,32,32K274,P.S. 274 Kosciusko,Elementary,Dual Language,Spanish,General Education,P.S. 274 Kosciusko,2019-20,364,36,65,38,54,51,54,66,0,0,0,0,0,0,0,183,0.503,181,0.497,2,0.005,43,0.118,310,0.852,3,0.008,6,0.016,65,0.179,101,0.277,Above 95%,Above 95%,89.1,% Hispanic
Brooklyn,Brooklyn North,32,32K299,P.S. 299 Thomas Warren Field,Elementary,Dual Language,Spanish,General Education,P.S. 299 Thomas Warren Field,2019-20,181,16,31,18,22,30,28,36,0,0,0,0,0,0,0,87,0.481,94,0.519,1,0.006,76,0.42,102,0.564,0,0.0,2,0.011,39,0.215,32,0.177,Above 95%,Above 95%,93.8,% Hispanic
Brooklyn,Brooklyn North,32,32K349,"I.S. 349 Math, Science & Tech.",Junior High-Intermediate-Middle,Dual Language,Spanish,General Education,"I.S. 349 Math, Science & Tech.",2019-20,298,0,0,0,0,0,0,0,74,99,125,0,0,0,0,142,0.477,156,0.523,4,0.013,32,0.107,255,0.856,2,0.007,5,0.017,65,0.218,53,0.178,281,94.3%,93.4,% Hispanic
Brooklyn,Brooklyn North,32,32K376,P.S. 376,Elementary,Dual Language,Spanish,General Education,P.S. 376,2019-20,522,0,79,92,82,75,100,94,0,0,0,0,0,0,0,280,0.536,242,0.464,16,0.031,36,0.069,440,0.843,6,0.011,24,0.046,78,0.149,99,0.19,417,79.9%,77.9,% Hispanic
Brooklyn,Brooklyn North,32,32K384,P.S. /I.S. 384 Frances E. Carter,K-8,Dual Language,Spanish,General Education,P.S. /I.S. 384 Frances E. Carter,2019-20,445,31,46,45,36,32,39,52,58,54,52,0,0,0,0,215,0.483,230,0.517,3,0.007,64,0.144,372,0.836,1,0.002,5,0.011,118,0.265,93,0.209,382,85.8%,90.6,% Hispanic
Brooklyn,Brooklyn North,32,32K384,P.S. /I.S. 384 Frances E. Carter,K-8,Dual Language,Spanish,Special Education,P.S. /I.S. 384 Frances E. Carter,2019-20,445,31,46,45,36,32,39,52,58,54,52,0,0,0,0,215,0.483,230,0.517,3,0.007,64,0.144,372,0.836,1,0.002,5,0.011,118,0.265,93,0.209,382,85.8%,90.6,% Hispanic
Brooklyn,Brooklyn North,32,32K556,Bushwick Leaders High School for Academic Excellence,High school,Dual Language,Spanish,Special Education,Bushwick Leaders High School for Academic Excellen,2019-20,339,0,0,0,0,0,0,0,0,0,0,121,91,72,55,173,0.51,166,0.49,4,0.012,50,0.147,271,0.799,10,0.029,4,0.012,84,0.248,92,0.271,Above 95%,Above 95%,93.4,% Hispanic
Brooklyn,Brooklyn North,32,32K562,Evergreen Middle School for Urban Exploration,Junior High-Intermediate-Middle,Dual Language,Spanish,General Education,Evergreen Middle School for Urban Exploration,2019-20,380,0,0,0,0,0,0,0,128,123,129,0,0,0,0,186,0.489,194,0.511,1,0.003,71,0.187,297,0.782,0,0.0,11,0.029,89,0.234,66,0.174,351,92.4%,91.8,% Hispanic
Brooklyn,District 75,75,75K373,P.S. 373 - Brooklyn Transition Center,High school,Dual Language,Spanish,Special Education,P.S. 373 - Brooklyn Transition Center,2019-20,477,0,0,0,0,0,0,0,0,0,0,73,61,77,266,125,0.262,352,0.738,16,0.034,251,0.526,178,0.373,8,0.017,24,0.05,475,0.996,120,0.252,433,90.8%,93.5,% Black
